latitude,longitude,altitude,Drainage,Height,crown_diameter,trunk_diameter,dbh,taste_attribute,medicine_use,stem_used,crown_height_ratio,canopy_area_m2,trunk_height_ratio,volume_proxy,plant_use_count,parts_used_count,dbh_height_ratio,trunk_crown_ratio,height_crown_product,dbh_category,height_category,total_special_attributes,target
6.733,-0.072,152.579,1,17.215,19.283,7.466,"4,521.04",1,1,0,1.785,292.488,1.685,"2,655.52",2,2,219.956,0.489,159.534,0,0,2,0
10.887,-1.014,265.278,1,9.592,18.893,8.918,787.628,1,0,0,2.514,457.518,0.91,"4,962.56",1,2,89.442,0.371,167.053,0,0,1,0
6.5,0.715,102.651,2,22,9,2,"2,000",1,1,1,0.409,63.617,0.091,"1,399.58",2,3,90.91,0.222,198,1,1,2,0
11.017,-0.555,269.22,1,8.745,23.103,10.398,812.698,1,0,0,1.436,228.938,0.818,"1,688.47",1,2,88.559,0.478,242.607,0,0,1,0
6.5,0.715,103.607,2,31,14,3,"3,000",1,0,1,0.452,153.938,0.097,"4,772.08",1,3,96.77,0.214,434,2,2,1,0
6.231,0.185,98.769,1,30.933,18.187,7.394,"7,405.34",1,0,0,0.654,278.004,0.252,"7,915.78",1,2,251.209,0.372,557.049,2,2,1,0
10.744,-2.039,331.867,1,6,16.1,5.9,550,0,1,0,2.683,203.583,0.983,"1,221.50",2,2,91.67,0.366,96.6,0,0,1,0
7.121,-0.704,170.833,1,11.53,16.44,6,"5,877.51",1,0,0,2.019,245.252,0.476,"3,060.30",1,2,81.346,0.367,266.077,0,0,1,0
7.74,-0.506,103.174,2,13.735,24.007,10.447,"3,909.64",1,0,0,2.111,424.573,0.493,"6,492.88",1,2,206.683,0.44,414.193,0,0,1,0
10.215,0.056,234.145,1,19.708,10.644,5.397,"6,941.57",1,0,0,0.856,215.845,0.291,"3,052.67",1,2,89.289,0.383,112.093,0,0,1,0
7.608,-0.463,199.237,2,18.329,19.062,7.969,"1,879.71",1,0,0,2.046,453.135,0.958,"2,667.39",1,2,115.765,0.387,260.511,0,0,1,0
10.869,-0.033,175.425,1,10.736,13.461,5.184,"1,572.85",1,0,0,1.311,153.869,0.524,"1,542.60",1,2,140.924,0.461,114.225,0,0,1,0
10.821,-0.576,266.175,2,9.095,22.349,12.185,920.715,1,0,0,3.079,433.034,1.443,"3,510.70",1,2,130.546,0.527,217.766,0,0,1,0
6.558,-0.426,258.563,2,11.009,22.764,10.714,"2,665.90",1,0,0,1.568,464.793,0.681,"3,999.75",1,2,152.892,0.43,279.272,0,0,1,0
10.791,-1.492,253.07,1,8.447,16.273,5.955,550,0,1,0,2.425,229.006,0.72,"1,820.47",2,2,80.947,0.358,118.284,0,0,1,0
10.871,-0.829,323.301,1,6.722,21.818,5.954,"1,105.65",0,1,0,3.243,383.033,1.084,"2,104.42",2,2,150.253,0.439,147.467,0,0,1,0
7.516,-0.121,178.395,1,18.115,17.357,3.813,"1,863.70",1,0,0,1.529,206.773,0.617,"2,732.83",1,2,68.483,0.254,258.424,0,0,1,0
6.237,0.101,51.451,2,19,10,3,"3,000",0,1,1,0.526,78.54,0.158,"1,492.26",2,3,157.89,0.3,190,2,1,1,0
6.157,0.053,95.999,2,29.011,17.338,6.087,"5,948.39",1,0,1,0.684,252.861,0.187,"6,179.14",1,3,144.86,0.441,381.666,2,1,1,0
10.788,-1.161,327.874,1,6.102,16.714,11.988,936.468,0,1,0,2.974,339.141,1.269,"1,837.77",2,2,126.255,0.515,131.767,0,0,1,0
6.235,0.174,111.45,1,22,12,3,"3,000",1,1,1,0.545,113.097,0.136,"2,488.14",2,3,136.36,0.25,264,2,1,2,0
8.576,-1.645,59.546,1,18.716,13.824,3.209,"1,431.11",0,1,0,1.018,123.842,0.709,"1,469.64",2,2,148.068,0.3,120.042,0,0,1,0
6.099,0.05,60.568,1,19.247,13.874,4.77,"3,145.72",0,0,0,0.574,166.271,0.201,"2,983.92",1,1,249.073,0.308,286.239,2,1,0,0
9.615,-0.266,172.273,2,15.406,20.928,10.786,922.775,1,0,0,0.876,242.739,0.641,"4,829.44",1,2,127.429,0.359,344.557,0,0,1,0
10.11,-0.093,216.603,1,12.113,9.858,4.839,"1,209.90",1,0,0,0.709,75.126,0.538,"1,451.74",1,2,145.931,0.509,187.187,0,0,1,0
9.959,-1.476,232.348,1,26.082,16.639,6.589,736.93,0,1,0,1.786,239.714,0.457,"1,348.62",2,2,210.562,0.399,161.254,0,0,1,0
6.883,-0.068,234.274,1,28.659,15.226,6.983,"1,678.35",1,0,0,0.945,233.732,0.564,"6,069.88",1,2,76.759,0.446,512.963,0,0,1,0
10.263,-0.26,214.384,1,8.362,15.576,6.108,"1,868.55",1,0,0,3.067,377.907,0.296,"3,381.33",1,1,245.217,0.377,173.652,1,0,1,0
10.879,-1.042,297.331,1,6.8,11.688,5.355,506.444,0,1,0,2.184,184.272,0.878,"1,117.84",2,2,79.885,0.418,75.068,0,0,1,0
10.202,-0.452,176.23,1,15.257,18.36,8.762,"4,408.74",1,1,0,3.017,274.251,0.377,"3,502.29",2,2,240.105,0.447,255.119,0,0,2,0
6.155,-0.028,117.481,1,20.494,13.321,4.025,"4,002.16",0,0,0,0.699,167.662,0.19,"2,542.56",1,1,138.572,0.258,274.682,2,1,0,0
10.934,-0.32,261.894,1,7.922,12.075,5.659,486.696,1,0,0,1.388,158.001,0.711,635.315,1,2,66.289,0.397,95.913,0,0,1,0
10.917,-0.51,255.481,1,7,15.294,6.84,498.139,1,0,0,2.15,204.2,0.791,"2,780.07",1,2,90.648,0.512,119.709,0,0,1,0
6.108,0.108,108.875,1,20.895,17.193,6.586,"5,999.56",0,0,0,0.74,214.132,0.25,"5,210.57",1,1,250,0.363,319.364,2,1,0,0
6.212,0.007,100.293,2,26.076,16.671,7.238,"7,225.58",1,1,0,0.71,217.999,0.27,"4,059.81",2,2,269.149,0.421,440.493,2,1,2,0
6.231,0.178,106.98,1,25.595,18.052,6.374,"4,469.96",1,1,1,0.61,241.638,0.22,"6,148.03",2,3,190.279,0.306,336.797,2,1,2,0
8.784,-0.139,252.268,1,20.995,11.754,5.778,"3,577.26",1,0,0,1.283,101.84,0.734,"3,837.76",1,2,184.731,0.492,179.762,0,0,1,0
10.835,-0.568,249.194,1,7,23.343,12.195,"1,013.56",1,0,0,3.44,411.246,1.645,"3,074.16",1,1,138.908,0.537,157.434,1,0,1,0
10.922,-0.216,179.57,1,9.725,10.085,4.799,"2,677.82",1,0,0,0.953,78.938,0.231,756.659,1,2,93.343,0.513,77.418,0,0,1,0
9.787,-1.988,303.51,1,9.867,13.857,4.404,"1,688.13",0,1,0,1.004,189.067,0.736,"1,998.03",2,2,130.701,0.344,221.706,0,0,1,0
9.471,-0.003,184.07,2,21.627,20.814,7.772,"1,978.59",1,0,0,0.781,449.688,0.763,"5,773.75",1,2,184.963,0.386,353.689,0,0,1,0
7.583,-0.02,230.225,1,17.742,19.303,9.734,"3,874.39",1,0,0,1.741,431.829,0.885,"7,461.44",1,1,249.245,0.416,388.55,1,0,1,0
6.232,0.186,96.148,1,31,18,8,"8,000",1,1,0,0.581,254.469,0.258,"7,888.54",2,2,258.06,0.444,558,2,2,2,0
6.086,0.163,102.596,2,27.201,18.058,4.103,"4,795.01",1,0,1,0.705,202.52,0.179,"4,926.07",1,3,142.484,0.311,443.961,2,1,1,0
6.231,0.18,106.755,1,28,19,7,"7,000",1,0,0,0.679,283.529,0.25,"7,938.81",1,2,250,0.368,532,2,2,1,0
10.886,-0.554,264.37,1,8.383,24.803,11.074,"1,091.47",1,0,0,3.129,497.338,1.376,"3,616.31",1,1,124.955,0.443,249.476,1,0,1,0
10.832,-0.395,248.097,1,7,10.787,10.857,668.229,1,0,0,1.745,113.199,1.148,"1,204.54",1,2,132.297,0.55,77.913,0,0,1,0
6.058,-0.027,145.182,1,20.019,15.3,5.151,"5,522.71",0,0,0,0.753,183.854,0.271,"3,772.27",1,1,270.249,0.384,319.963,2,1,0,0
10.903,-1.093,238.156,1,8.5,18.1,6,550,1,0,0,2.129,257.304,0.706,"2,187.09",1,2,64.71,0.331,153.85,0,0,1,0
9.466,0.03,217.279,1,24.13,19.516,10.817,"1,117.36",1,1,0,1.365,285.441,0.536,"6,860.35",2,2,179.052,0.479,346.677,0,0,2,0
6.233,0.184,109.362,1,29.287,14.053,5.286,"5,215.07",1,1,1,0.562,167.672,0.18,"4,972.42",2,3,191.498,0.405,547.86,2,1,2,0
7.924,-1.809,283.91,1,8.703,18.952,6.021,"4,226.12",0,1,0,2.221,262.345,0.957,"5,042",2,2,113.819,0.367,481.859,0,0,1,0
6.38,0.844,134.539,2,32,14,3,"3,000",0,0,0,0.437,153.938,0.094,"4,926.02",1,2,93.75,0.214,448,2,2,0,0
6.581,-0.172,205.18,1,20.405,14.376,5.023,"1,478.08",1,0,0,1.768,113.194,0.367,"2,240.90",1,2,130.242,0.266,240.756,0,0,1,0
10.201,-0.291,210.596,1,26.302,18.067,6.403,"3,028.14",1,0,0,1.44,256.655,0.33,"5,503.61",1,2,253.045,0.387,367.649,0,0,1,0
7.979,-0.54,250.467,1,15.106,23.613,7.545,"5,216.77",1,0,0,1.322,387.342,0.414,"3,371.36",1,1,225.516,0.425,307.724,1,0,1,0
8.532,-0.702,211.893,1,12.981,17.264,6.888,"1,336.02",1,1,0,1.818,154.022,0.313,"2,633.46",2,2,135.939,0.352,214.418,0,0,2,0
10.9,-0.934,250.343,1,8.277,22.019,10.467,"1,037.50",1,0,0,3.388,421.286,1.349,"2,803.52",1,2,126.958,0.395,165.372,0,0,1,0
11.027,-0.253,269.51,1,7,9.7,5.3,470,1,0,0,1.386,73.898,0.757,517.287,1,2,67.14,0.546,67.9,0,0,1,0
6.166,0.131,129.49,1,23.17,17.333,7.991,"7,992.13",0,0,0,0.626,249.285,0.253,"7,321.29",1,1,252.149,0.406,323.328,2,1,0,0
7.19,0.076,172.079,1,7.021,19.003,9.645,"5,654.34",1,1,0,2.747,312.646,0.421,"7,708.74",2,2,150.416,0.535,296.608,0,0,2,0
6.061,-0.021,133.071,2,21.152,15.672,4.97,"5,793.28",1,1,0,0.728,185.56,0.155,"4,402.66",2,2,156.165,0.388,327.094,2,1,2,0
9.619,-0.252,175.611,1,17.017,15.16,5.902,"1,237.79",1,0,0,1.095,139.963,0.289,"1,899.49",1,2,65.982,0.32,160.119,0,0,1,0
6.054,-0.026,153.301,2,21,15.3,6,"6,000",1,1,0,0.729,183.854,0.286,"3,860.93",2,2,285.71,0.392,321.3,2,1,2,0
6.5,0.716,106.38,2,28,11,4,"4,000",0,1,1,0.393,95.033,0.143,"2,660.93",2,3,142.86,0.364,308,2,2,1,0
10.082,-0.429,158.658,1,18.77,13.896,11.88,"2,610.32",1,1,0,2.371,175.109,0.303,"2,019.15",2,2,149.42,0.517,174.465,0,0,2,0
6.701,-0.729,123.147,1,21.501,16.003,5.489,"1,616.38",0,1,0,1.302,201.783,0.903,"2,004.88",2,2,132.253,0.245,117.306,0,0,1,0
6.06,-0.025,111.059,1,21.843,15.468,3.405,"4,607.39",0,0,0,0.753,187.81,0.223,"4,063.02",1,1,232.387,0.222,326.162,2,1,0,0
10.884,-0.854,239.718,1,7.989,18.875,9.473,705.884,1,0,0,3.011,270.793,0.774,"2,497.91",1,2,94.707,0.492,153.488,0,0,1,0
7.039,-0.319,215.094,1,19.737,15.577,10.406,"2,722.16",1,0,0,1.538,418.462,0.701,"3,060.96",1,1,154.099,0.377,223.154,1,0,1,0
6.502,-0.186,261.233,2,12.266,15.456,8.246,"3,770.61",1,0,0,2.505,370.29,0.393,"4,870.57",1,2,248.58,0.347,259.849,0,0,1,0
7.032,-0.626,225.117,1,14.96,15.856,5.235,"4,473.03",1,0,0,0.925,191.807,0.59,"3,663.64",1,2,225.628,0.328,229.173,0,0,1,0
10.893,-0.543,251.294,1,7,24.6,11.1,"1,110",1,0,0,3.514,475.292,1.586,"3,327.04",1,1,158.57,0.451,172.2,1,0,1,0
10.797,-0.794,247.838,1,7,21.9,12.3,950,1,1,0,3.129,376.685,1.757,"2,636.79",2,2,135.71,0.562,153.3,0,0,2,0
9.607,-0.792,132.441,1,13.819,16.67,12.254,"2,308.59",1,1,0,2.406,321.465,1.485,"4,217.14",2,2,136.017,0.556,281.266,0,0,2,0
10.857,-0.499,190.023,1,19.433,19.945,10.8,"3,992.34",1,0,0,0.829,465.513,1.23,"7,186.18",1,1,217.773,0.447,290.261,1,0,1,0
10.834,-0.023,226.696,1,10.01,18.87,6.214,"3,503.64",1,0,0,2.117,265.652,0.324,"4,995.30",1,2,219.781,0.365,421.388,0,0,1,0
8.521,-0.172,197.179,2,15.354,21.195,7.248,"2,867.38",1,0,0,1.994,232.629,0.672,"3,927.17",1,2,98.569,0.405,228.249,0,0,1,0
7.65,-0.353,128.133,1,12.333,19.777,10.799,"2,610.02",1,0,0,3.513,368.158,0.366,"3,547.69",1,1,144.083,0.295,182.236,1,0,1,0
6.157,0.168,113.29,2,21.456,17.578,6.517,"6,031.12",1,1,0,0.718,265.046,0.282,"4,605.87",2,2,255.439,0.384,426.67,2,1,2,0
8.216,-1.858,303.369,1,6.839,15.791,5.417,"1,885.47",0,1,0,1.811,185.245,0.981,"2,538.04",2,2,127.477,0.327,283.54,0,0,1,0
8.87,-0.478,199.104,1,15.075,16.025,5.998,"5,887.37",0,1,0,2.552,197.317,0.947,"1,613.13",2,2,218.569,0.383,320.166,0,0,1,0
6.106,0.011,108.665,2,22,12.699,3,"3,000",1,0,1,0.704,186.282,0.136,"4,089.32",1,3,136.36,0.218,315.568,2,1,1,0
6.058,-0.028,133.119,1,20,15.3,5,"5,000",0,0,0,0.765,183.854,0.25,"3,677.08",1,1,250,0.327,306,2,1,0,0
10.763,-1.003,273.05,1,6.311,17.732,8.928,661.3,0,1,0,2.53,226.296,1.09,"2,819.33",2,2,91.34,0.421,147.694,0,0,1,0
7.01,-0.162,112.519,1,18.89,11.525,8.402,"1,948.10",1,0,0,1.186,452.765,0.646,"1,770.33",1,1,158.324,0.307,176.643,1,0,1,0
8.993,-0.159,171.43,1,17.097,15.786,3.295,"2,068.18",1,0,0,0.987,80.27,0.413,"1,455.58",1,2,83.732,0.33,209.936,0,0,1,0
6.082,0.065,117.285,2,21.693,12.554,5.893,"4,824.98",1,1,0,0.572,147.277,0.228,"2,931.61",2,2,230.112,0.268,312.215,2,1,2,0
6.064,-0.018,94.082,2,22,16,3,"3,000",1,0,1,0.727,201.062,0.136,"4,423.36",1,3,136.36,0.188,352,2,1,1,0
10.881,-0.557,266.689,2,10,25.2,11,910,1,0,0,2.52,498.759,1.1,"4,987.59",1,2,91,0.437,252,0,0,1,0
6.243,0.112,70.182,2,28,18,5,"5,000",0,0,0,0.643,254.469,0.179,"7,125.13",1,1,178.57,0.278,504,2,2,0,0
10.554,-2.038,281.047,1,11.476,20.681,7.555,726.494,0,0,0,1.803,283.964,0.73,"3,471.64",1,1,65.561,0.389,180.673,0,0,0,1
10.87,-0.635,235.882,1,7.888,13.81,5.379,298.571,1,0,0,1.298,114.679,0.81,452.511,1,2,47.843,0.325,62.099,0,0,1,1
10.453,-1.502,245.33,1,9.326,13.795,4.925,288.402,0,0,0,1.806,289.386,0.5,"2,928.69",1,1,52.519,0.359,95.376,0,0,0,1
10.828,-0.489,285.836,1,7.661,11.996,6.74,449.297,0,1,1,1.853,130.184,0.782,"1,596.72",2,3,67.61,0.421,129.053,0,0,1,1
10.843,-1.028,205.202,1,8.451,17.162,4.086,375.591,1,0,0,1.948,229.119,0.555,"1,808.85",1,2,6.438,0.246,143.548,0,0,1,1
10.744,-2.038,337.501,1,8.936,15.877,6.717,599.587,0,1,1,1.93,195.708,0.834,"1,884.21",2,3,72.253,0.413,128.117,0,0,1,1
10.839,-1.151,217.055,1,8.856,19.697,6.412,113.886,1,0,1,2.392,323.816,0.721,"1,940.37",1,2,39.019,0.344,123.554,0,0,1,1
10.874,-1.994,323.373,1,8.884,14.483,4.144,518.931,0,1,1,2.096,67.769,0.769,"1,364.64",2,3,71.166,0.419,82.346,0,0,1,1
9.515,-0.486,161.174,1,8.623,19.315,3.877,"6,655.34",0,0,0,1.99,77.537,0.461,"4,875.61",1,2,129.588,0.398,435.6,0,0,0,1
10.793,-1.79,331.239,1,9,16.912,7.136,598.593,0,1,1,2.061,348.977,0.795,"3,202.93",2,3,67.989,0.375,170.418,0,0,1,1
10.94,-0.508,258.48,1,6.128,15.214,5.124,340.811,1,0,0,1.87,140.687,0.752,842.112,1,2,34.6,0.404,94.607,0,0,1,1
10.926,-0.956,239.081,1,6.92,12.987,4.249,294.462,1,0,0,1.945,103.601,0.62,"1,062.14",1,2,39.754,0.362,87.266,0,0,1,1
10.832,-1.506,230.058,1,7.228,15.477,5.971,210.63,0,1,0,1.932,185.434,0.828,"1,398.76",2,1,35.106,0.353,119.565,0,0,1,1
10.852,-1.021,210.815,2,8.261,8.933,3.331,412.393,0,0,0,1.323,229.995,0.355,746.367,1,2,33.065,0.292,108.037,0,0,0,1
10.934,-1.045,215.419,1,7.795,8.938,3.001,243.938,0,0,0,1.411,91.298,0.343,865.632,1,2,30.215,0.305,60.8,0,0,0,1
10.95,-0.738,225.269,1,6.458,9.508,3.098,227.038,1,0,0,1.202,50.985,0.596,374.465,1,2,60.701,0.41,65.271,0,0,1,1
10.744,-2.039,335.167,1,9,16.55,6.9,640,0,1,1,1.839,215.123,0.767,"1,936.10",2,3,71.11,0.417,148.95,0,0,1,1
10.852,-1.021,203.362,2,8.5,17.27,4,520,0,0,0,2.032,234.247,0.471,"1,991.10",1,2,61.18,0.232,146.79,0,0,0,1
10.878,-1.09,257.112,1,6.686,20.525,6.898,560.839,1,0,1,2.475,356.009,0.845,"2,360.89",1,2,76.294,0.335,167.204,0,0,1,1
10.369,-0.171,150.32,1,10.047,24.525,5.56,"3,891.42",0,0,0,1.366,359.538,0.27,"8,936.17",1,2,208.287,0.289,310.772,0,0,0,1
10.891,-1.172,231.924,1,8.403,19.936,5.454,481.576,1,0,1,1.859,203.071,0.522,"1,724.48",1,2,54.065,0.286,140.298,0,0,1,1
10.787,-0.731,334.906,1,6.037,13.556,5.274,397.075,0,1,0,2.18,153.836,0.807,703.784,2,1,75.747,0.409,96.198,0,0,1,1
7.193,-0.471,143.69,1,15.336,17.034,7.88,"1,769.85",0,1,0,1.696,194.115,0.844,"11,979.76",2,1,188.146,0.318,610.69,0,0,1,1
10.924,-0.438,265.857,1,7.016,11.246,6.735,417.708,1,0,1,2.375,134.537,0.811,"1,260.37",1,2,63.364,0.419,147.008,0,0,1,1
10.948,-0.324,268.855,1,6.146,15.352,4.776,397.521,0,0,0,2.128,177.843,0.748,890.809,1,2,62.621,0.295,94.367,0,0,0,1
10.893,-0.543,260.426,1,6,16.6,5.4,470,1,0,0,2.767,216.424,0.9,"1,298.55",1,2,78.33,0.325,99.6,0,0,1,1
6.243,0.111,60.712,2,31,26,8,"8,000",0,0,0,0.839,530.929,0.258,"16,458.80",1,2,258.06,0.308,806,2,2,0,1
10.826,-1.077,213.071,1,8.775,18.589,6.641,545.111,1,0,1,2.355,283.581,0.565,"2,132.78",1,2,62.337,0.281,181.742,0,0,1,1
10.872,-1.052,229.748,1,7.325,14.158,4.756,150.733,0,0,0,1.845,137.658,0.486,"1,289.72",1,2,22.924,0.282,114.809,0,0,0,1
10.867,-1.215,323.495,1,6.368,16.132,5.439,486.488,0,1,0,2.584,200.95,0.874,"1,321.86",2,1,77.996,0.378,104.701,0,0,1,1
10.744,-2.038,338.821,1,7,15.6,6.1,540,0,1,0,2.229,191.134,0.871,"1,337.94",2,1,77.14,0.391,109.2,0,0,1,1
10.852,-1.021,213.331,1,8,7.1,2.6,190,1,0,0,0.887,39.592,0.325,316.735,1,2,23.75,0.366,56.8,0,0,1,1
10.798,-1.812,320.152,1,7,14.69,3.649,448.614,0,1,0,2.043,173.989,0.536,"1,122.17",2,1,69.799,0.387,93.08,0,0,1,1
10.967,-0.513,267.244,1,6,12.377,5.015,410.389,0,0,0,2.497,122.925,0.812,"1,146.43",1,2,70.409,0.326,98.341,0,0,0,1
10.798,-1.102,305.486,1,8.159,16.382,6.589,241.577,0,1,1,1.904,209.588,0.731,"1,882.82",2,3,64.075,0.345,125.586,0,0,1,1
7.574,-0.693,98.556,1,28.461,24.39,7.859,983.555,1,0,1,1.108,396.822,0.332,"6,211.06",1,2,99.931,0.319,287.59,0,0,1,1
10.935,-0.499,282.233,1,4,8.7,3.8,330,0,0,0,2.175,59.447,0.95,237.787,1,2,82.5,0.437,34.8,0,0,0,1
10.876,-1.155,315.362,1,6.574,15.74,5.265,450.154,0,1,0,2.562,224.649,0.735,"1,451.55",2,1,64.064,0.387,109.354,0,0,1,1
11.027,-0.253,268.91,1,6,11.2,4.8,395,0,0,0,1.867,98.52,0.8,591.122,1,2,65.83,0.429,67.2,0,0,0,1
9.64,-0.384,176.324,2,10.593,21.573,5.518,593.522,0,0,0,1.791,435.624,0.457,"5,789.87",1,2,118.113,0.294,403.211,0,0,0,1
10.84,-1.096,224.627,1,8.528,8.506,7,343.191,1,0,1,1.969,79.439,0.393,"1,450.83",1,2,34.597,0.356,94.932,0,0,1,1
10.761,-1.711,292.632,1,8.096,13.791,5.281,342.622,0,1,1,1.838,162.421,0.62,"1,257.51",2,3,43.753,0.31,123.765,0,0,1,1
10.846,-0.526,259.773,1,7.025,15.443,5.07,273,1,0,0,2.524,220.971,0.678,"1,471.85",1,2,32.084,0.337,116.954,0,0,1,1
10.935,-0.499,270.018,1,4.852,11.455,4.05,353.368,0,0,0,2.518,130.748,0.838,"1,034.92",1,2,76.107,0.326,57.162,0,0,0,1
10.993,-0.342,269.074,1,4.393,9.258,4.692,342.633,0,0,0,1.971,92.145,0.802,588.683,1,2,81.86,0.435,62.013,0,0,0,1
10.478,-1.202,235.549,1,9.412,21.6,8.107,653.77,0,0,0,2.214,367.586,0.754,"3,763.09",1,1,64.147,0.369,253.145,0,0,0,1
10.757,-1.102,242.295,1,7.042,14.185,3.127,225.445,0,1,0,1.346,40.311,0.837,"1,162.16",2,1,36.009,0.384,100.205,0,0,1,1
10.788,-0.937,131.228,1,26.151,16.937,4.959,"4,856.98",0,0,0,0.938,466.765,0.434,"1,288.82",1,2,141.37,0.278,795.354,0,0,0,1
10.991,-0.957,221.195,2,6.699,14.654,4.222,490.958,0,0,0,1.891,168.093,0.577,"1,841.60",1,2,65.688,0.331,111.876,0,0,0,1
10.932,-1.003,258.053,1,6.844,13.246,4.5,328.479,0,0,0,1.984,155.37,0.658,"1,065.77",1,2,64.847,0.31,99.323,0,0,0,1
7.091,-0.771,95.527,1,15.941,22.81,7.917,"4,968.30",0,1,1,1.603,228.121,0.344,"12,903.02",2,3,116.374,0.317,422.477,0,0,1,1
10.906,-0.843,242.919,1,4.137,13.67,4.874,487.548,1,0,1,2.301,104.356,0.861,323.82,1,2,72.666,0.368,53.865,0,0,1,1
10.818,-1.105,293.071,1,4.3,9.522,4.514,507.825,0,1,0,2.226,179.946,0.876,"1,043.07",2,1,79.535,0.4,50.747,0,0,1,1
10.907,-0.535,265.114,1,6.189,16.741,4.891,460.551,0,0,0,2.758,221.897,0.853,"1,395.38",1,2,69.785,0.287,101.72,0,0,0,1
10.913,-0.519,271.04,1,5.348,15.526,4.178,460.545,0,0,0,2.253,93.592,0.928,485.49,1,2,81.427,0.409,57.343,0,0,0,1
11.014,-0.94,239.092,1,6.05,12.071,3.993,381.665,0,0,0,1.815,122.458,0.65,624.323,1,2,48.324,0.327,80.719,0,0,0,1
10.814,-0.659,319.709,1,6.836,16.589,5.801,633.026,0,1,1,2.691,215.625,0.856,"1,797.88",2,3,77.481,0.402,103.515,0,0,1,1
10.952,-0.996,268.76,1,4.482,10.251,3.446,293.736,0,0,0,1.812,120.143,0.773,738.219,1,2,55.053,0.28,58.286,0,0,0,1
10.88,-0.765,279.342,1,7.215,8.058,3.504,242.652,1,0,0,1.318,55.088,0.325,283.87,1,2,43.852,0.419,52.771,0,0,1,1
10.85,-1.022,208.749,1,8,14.884,4.376,59.445,1,0,0,1.278,163.92,0.378,673.481,1,2,9.098,0.345,89.604,0,0,1,1
10.876,-1.043,215.88,1,7.567,16.882,3.528,346.567,0,0,0,1.818,126.868,0.48,"1,082.75",1,2,45.027,0.267,102.678,0,0,0,1
10.89,-0.832,218.718,2,7.109,17.195,4.018,407.739,0,0,0,2.231,227.678,0.591,"1,917.11",1,2,61.345,0.238,132.259,0,0,0,1
10.859,-0.947,225.864,2,8.003,16.842,4.427,483.199,0,0,0,2.132,233.261,0.768,"1,944.14",1,2,74.166,0.32,132.294,0,0,0,1
10.379,-2.016,224.09,1,10.082,16.962,8.177,114.505,0,0,0,1.861,362.907,0.684,"2,308.31",1,1,58.777,0.362,187.758,0,0,0,1
10.934,-0.499,268.693,1,6.5,17,4.7,400,0,0,0,2.615,226.98,0.723,"1,475.37",1,2,61.54,0.276,110.5,0,0,0,1
10.617,-0.75,271.736,1,10.15,18.221,8.294,731.702,0,0,0,1.9,129.156,0.789,259.225,1,1,65.348,0.42,206.925,0,0,0,1
10.848,-0.787,211.438,1,5.331,13.177,5.153,200.686,1,0,0,2.002,120.508,0.898,"1,440.18",1,2,17.898,0.347,101.625,0,0,1,1
10.928,-0.863,216.611,2,6.028,16.619,3.962,474.322,0,0,0,2.105,181.367,0.832,438.163,1,2,70.846,0.296,48.952,0,0,0,1
10.832,-1.007,245.467,1,8.756,20.204,5.499,515.744,1,0,1,2.498,257.59,0.797,"2,334.77",1,2,63.209,0.32,157.769,0,0,1,1
10.814,-1.182,231.036,1,9,21.8,7.6,570,1,0,1,2.422,373.253,0.844,"3,359.27",1,2,63.33,0.349,196.2,0,0,1,1
10.774,-1.199,258.157,1,7.509,19.906,6.986,542.594,0,1,0,2.273,301.166,0.852,"2,868.71",2,1,76.457,0.367,116.543,0,0,1,1
10.829,-1.284,229.595,1,10.733,21.229,6.943,636.339,0,0,0,1.933,292.367,0.542,"3,969.01",1,1,62.475,0.289,159.703,0,0,0,1
8.298,0.048,201.885,1,22.856,19.072,6.251,"7,962.92",0,0,0,0.907,129.357,0.446,"16,418.55",1,2,90.279,0.394,119.822,0,0,0,1
10.946,-0.844,235.724,1,6.579,14.395,3.516,309.722,0,0,0,2.263,131.552,0.607,"1,448.60",1,2,61.263,0.271,88.645,0,0,0,1
10.547,-1.226,227.175,1,8.574,19.765,4.898,670.952,0,0,0,1.687,196.65,0.649,"2,787.62",1,1,33.402,0.366,210.037,0,0,0,1
10.767,-1.862,287.741,1,7.897,16.934,6.365,415.477,0,1,1,1.981,223.089,0.743,"1,933.86",2,3,65.341,0.28,135.596,0,0,1,1
10.62,-1.364,255.319,1,11.694,21.063,5.037,628.14,0,0,0,2.18,328.389,0.692,"3,178.18",1,1,63.061,0.367,195.836,0,0,0,1
10.367,-2.038,248.897,1,12,21.6,8.3,770,0,0,0,1.8,366.435,0.692,"4,397.22",1,1,64.17,0.384,259.2,0,0,0,1
9.992,-0.968,101.248,1,21.136,17.189,5.274,"4,045.94",1,0,0,1.478,438.093,0.622,"11,528.42",1,2,223.386,0.329,605.159,0,0,1,1
10.696,-0.825,89.547,1,11.403,15.553,4.095,"2,503.32",1,0,0,0.853,61.405,0.26,"4,577.07",1,2,114.265,0.356,474.337,0,0,1,1
10.484,-1.718,256.099,1,11.046,18.566,8.065,506.458,0,0,0,2.511,293.338,0.886,"2,557.40",1,1,70.121,0.352,175.34,0,0,0,1
6.378,-1.394,142.349,1,22.438,22.296,8.015,"4,109.14",0,0,0,1.438,466.347,0.605,"7,740.90",1,1,197.478,0.308,300.166,0,0,0,1
10.774,-2.019,244.118,1,8.163,15.52,4.693,394.11,0,1,1,1.142,68.045,0.576,"1,163.39",2,3,47.075,0.374,58.46,0,0,1,1
10.959,-1.099,234.042,1,7,12.65,3.4,280,0,0,0,1.807,125.681,0.486,879.77,1,2,40,0.269,88.55,0,0,0,1
10.843,-1.032,205.263,1,8,15.3,5.2,45,1,0,0,1.912,183.854,0.65,"1,470.83",1,2,5.63,0.34,122.4,0,0,1,1
10.485,-1.884,264.168,1,8.28,21.011,8.038,422.187,0,0,0,1.866,181.095,0.707,"3,293.34",1,1,64.634,0.387,67.884,0,0,0,1
10.413,-2.038,295.359,1,8.26,20.115,7.348,699.356,0,0,0,2.052,209.136,0.755,"2,978.47",1,1,69.352,0.387,235.083,0,0,0,1
6.606,0.454,232.923,2,27,15,4,"4,000",0,1,1,0.556,176.715,0.148,"4,771.29",2,3,148.15,0.267,405,2,2,1,1
10.854,-0.73,217.152,1,6.043,15.552,5.356,368.177,1,0,0,2.352,196.985,0.833,"1,371.17",1,2,52.11,0.333,109.473,0,0,1,1
10.836,-1.337,216.688,1,8.738,16.72,6.643,624.088,0,1,1,1.921,226.495,0.697,"1,951.04",2,3,68.609,0.284,147.361,0,0,1,1
10.833,-1.648,332.433,1,7.906,15.844,4.525,529.32,0,1,0,2.185,207.467,0.672,"1,742.43",2,1,75.905,0.373,114.194,0,0,1,1
10.959,-1.1,232.781,1,20,17.8,5.8,530,0,0,0,0.89,248.846,0.29,"4,976.91",1,2,26.5,0.326,356,0,1,0,2
8.15,-2.096,141.577,1,23,18,4,"3,100",0,1,0,0.783,254.469,0.174,"5,852.79",2,2,134.78,0.222,414,2,1,1,2
7.719,-2.808,390.337,1,18,16,2,"2,000",0,1,0,0.889,201.062,0.111,"3,619.12",2,1,111.11,0.125,288,1,1,1,2
8.096,-1.907,145.142,1,21,15,3.1,"3,100",0,1,0,0.714,176.715,0.148,"3,711.01",2,2,147.62,0.207,315,2,1,1,2
10.794,-0.859,246.723,1,12,18.3,7.5,730,0,0,0,1.525,263.022,0.625,"3,156.26",1,1,60.83,0.41,219.6,0,0,0,2
6.509,0.249,157.329,1,38,17,10,"10,000",0,0,0,0.447,226.98,0.263,"8,625.24",1,2,263.16,0.588,646,2,2,0,2
6.243,0.895,87.762,2,32,13,5,"5,000",0,0,0,0.406,132.732,0.156,"4,247.43",1,1,156.25,0.385,416,2,2,0,2
10.367,-2.038,246.491,2,12,23.8,9.5,810,0,0,0,1.983,444.881,0.792,"5,338.57",1,1,67.5,0.399,285.6,0,0,0,2
7.942,-2.696,384.097,2,17,12,2,"2,000",0,1,1,0.706,113.097,0.118,"1,922.66",2,3,117.65,0.167,204,1,1,1,2
10.796,-0.794,252.402,1,7,21.2,9.8,860,0,1,0,3.029,352.989,1.4,"2,470.93",2,1,122.86,0.462,148.4,0,0,1,2
8.15,-2.079,146.127,1,20,16,2.9,"2,900",0,1,0,0.8,201.062,0.145,"4,021.24",2,2,145,0.181,320,1,1,1,2
7.698,-1.72,365.159,2,19,10,2.1,"2,100",0,0,0,0.526,78.54,0.111,"1,492.26",1,2,110.53,0.21,190,1,1,0,2
8.142,-2.373,272.826,2,22,24,5.4,"5,400",0,1,0,1.091,452.389,0.245,"9,952.57",2,2,245.45,0.225,528,2,1,1,2
10.359,-2.237,333.533,1,15,27.75,14.4,"1,365",0,1,1,1.85,604.806,0.96,"9,072.09",2,3,91,0.519,416.25,1,1,1,2
6.148,0.224,60.645,2,22,16,4,"4,000",0,0,0,0.727,201.062,0.182,"4,423.36",1,2,181.82,0.25,352,2,1,0,2
6.563,0.622,142.392,1,22,12,3,"3,000",0,0,0,0.545,113.097,0.136,"2,488.14",1,1,136.36,0.25,264,2,1,0,2
6.148,0.224,56.545,2,19,10,3,"3,000",0,0,0,0.526,78.54,0.158,"1,492.26",1,2,157.89,0.3,190,2,1,0,2
10.987,-0.214,267.87,1,10,16.2,7.8,570,0,0,0,1.62,206.12,0.78,"2,061.20",1,1,57,0.481,162,0,0,0,2
8.15,-2.098,163.178,1,18,13,2.7,"2,700",0,1,0,0.722,132.732,0.15,"2,389.18",2,2,150,0.208,234,1,1,1,2
6.185,0.206,71.107,1,23,12,4,"4,000",0,0,0,0.522,113.097,0.174,"2,601.24",1,2,173.91,0.333,276,2,1,0,2
7.638,-1.724,353.712,2,19,17,4,"3,400",0,0,0,0.895,226.98,0.211,"4,312.62",1,2,178.95,0.235,323,2,1,0,2
8.15,-2.098,161.923,1,23,15,2.8,"2,800",0,1,0,0.652,176.715,0.122,"4,064.44",2,2,121.74,0.187,345,1,1,1,2
6.227,0.183,87.74,2,23,12,3,"3,000",0,0,0,0.522,113.097,0.13,"2,601.24",1,2,130.43,0.25,276,2,1,0,2
10.367,-2.034,236.21,1,12,19.1,7,590,0,0,0,1.592,286.521,0.583,"3,438.25",1,2,49.17,0.366,229.2,0,0,0,2
10.99,-0.213,272.303,0,8,13,4.5,390,0,0,0,1.625,132.732,0.562,"1,061.86",1,1,48.75,0.346,104,0,0,0,2
7.816,-1.753,341.916,1,20,16,2.9,"2,900",0,1,0,0.8,201.062,0.145,"4,021.24",2,2,145,0.181,320,1,1,1,2
6.149,0.224,53.652,2,36,14,3,"3,000",0,0,0,0.389,153.938,0.083,"5,541.77",1,2,83.33,0.214,504,2,2,0,2
6.45,0.212,133.247,2,23,16,3,"3,000",0,0,0,0.696,201.062,0.13,"4,624.42",1,2,130.43,0.188,368,2,1,0,2
6.519,0.714,107.313,2,28,12,7,"7,000",0,0,0,0.429,113.097,0.25,"3,166.73",1,2,250,0.583,336,2,2,0,2
8.15,-2.097,143.346,1,21,15,2.9,"2,900",0,1,0,0.714,176.715,0.138,"3,711.01",2,2,138.1,0.193,315,1,1,1,2
6.519,0.715,106.082,2,30,13,5,"5,000",0,0,0,0.433,132.732,0.167,"3,981.97",1,2,166.67,0.385,390,2,2,0,2
8.148,-2.089,142.408,1,21,17,2.9,"2,900",0,1,0,0.81,226.98,0.138,"4,766.58",2,2,138.1,0.171,357,1,1,1,2
11.002,-0.22,249.491,1,8,13.8,6.7,640,0,0,0,1.725,149.571,0.837,"1,196.57",1,2,80,0.486,110.4,0,0,0,2
6.448,0.724,111.151,1,19,11,3,"3,000",1,0,0,0.579,95.033,0.158,"1,805.63",1,2,157.89,0.273,209,2,1,1,2
6.243,0.111,64.971,2,31,19,9,"9,000",0,0,0,0.613,283.529,0.29,"8,789.39",1,2,290.32,0.474,589,2,2,0,2
6.149,0.225,72.503,2,15,13,2,"2,000",0,0,0,0.867,132.732,0.133,"1,990.98",1,2,133.33,0.154,195,1,1,0,2
8.15,-2.098,163.204,1,21,14,2.4,"2,400",0,1,0,0.667,153.938,0.114,"3,232.70",2,2,114.29,0.171,294,1,1,1,2
7.498,-2.881,265.56,2,21,26,5,"5,000",0,1,0,1.238,530.929,0.238,"11,149.51",2,2,238.1,0.192,546,2,1,1,2
8.148,-2.089,146.451,1,21,16,3,"3,000",0,1,0,0.762,201.062,0.143,"4,222.30",2,2,142.86,0.188,336,2,1,1,2
6.397,0.79,114.57,1,36,12,8,"8,000",1,1,0,0.333,113.097,0.222,"4,071.50",2,2,222.22,0.667,432,2,2,2,2
7.71,-1.694,372.595,2,18,15,3.1,"3,100",0,1,0,0.833,176.715,0.172,"3,180.86",2,2,172.22,0.207,270,2,1,1,2
7.822,-1.759,349.893,1,20,15,3.1,"3,100",0,0,0,0.75,176.715,0.155,"3,534.29",1,2,155,0.207,300,2,1,0,2
8.149,-2.076,144.934,1,22,14,2.6,"2,600",0,1,0,0.636,153.938,0.118,"3,386.64",2,2,118.18,0.186,308,1,1,1,2
7.953,-2.694,386.275,2,20,19,3.5,"3,500",0,1,1,0.95,283.529,0.175,"5,670.58",2,3,175,0.184,380,2,1,1,2
6.576,0.419,195.3,2,25,18,3,"3,000",0,0,0,0.72,254.469,0.12,"6,361.73",1,1,120,0.167,450,2,2,0,2
6.234,0.185,114.395,1,23,16,2.5,"2,500",0,0,0,0.696,201.062,0.109,"4,624.42",1,2,108.7,0.156,368,1,1,0,2
6.268,0.893,75.455,1,27,12,3,"3,000",0,0,0,0.444,113.097,0.111,"3,053.63",1,2,111.11,0.25,324,2,2,0,2
6.563,0.623,143.346,2,27,14,3,"3,000",0,0,0,0.519,153.938,0.111,"4,156.33",1,2,111.11,0.214,378,2,2,0,2
6.24,0.093,44.896,1,31,22,8,"8,000",1,1,1,0.71,380.133,0.258,"11,784.11",2,3,258.06,0.364,682,2,2,2,2
10.965,-1.102,240.127,1,9,18.8,9.2,810,0,0,0,2.089,277.591,1.022,"2,498.32",1,2,90,0.489,169.2,0,0,0,2
10.844,-1.032,229.128,1,4,10.3,3.5,275,0,0,0,2.575,83.323,0.875,333.292,1,2,68.75,0.34,41.2,0,0,0,2
6.058,-0.028,131.108,1,18,12,5,"5,000",1,1,0,0.667,113.097,0.278,"2,035.75",2,2,277.78,0.417,216,2,1,2,2
6.147,0.224,51.601,1,32,19,6,"6,000",0,0,0,0.594,283.529,0.187,"9,072.92",1,2,187.5,0.316,608,2,2,0,2
8.388,-2.138,211.168,1,20,12,3,"3,076.38",0,0,0,0.6,113.097,0.15,"2,261.95",1,1,153.82,0.25,240,2,1,0,2
6.52,0.716,97.218,2,32,14,6,"6,000",0,0,0,0.437,153.938,0.187,"4,926.02",1,2,187.5,0.429,448,2,2,0,2
8.091,-1.896,178.548,1,21,11,2.4,"2,400",0,1,1,0.524,95.033,0.114,"1,995.70",2,3,114.29,0.218,231,1,1,1,2
8.301,-2.179,209.617,2,20,14,3.6,"3,600",0,0,0,0.7,153.938,0.18,"3,078.76",1,2,180,0.257,280,2,1,0,2
6.227,0.182,113.3,2,34,22,8,"8,000",0,0,0,0.647,380.133,0.235,"12,924.51",1,2,235.29,0.364,748,2,2,0,2
7.638,-1.724,353.199,1,20,14,2.8,"2,800",0,0,0,0.7,153.938,0.14,"3,078.76",1,2,140,0.2,280,1,1,0,2
8.241,-1.937,127.003,1,19,12,2.4,"2,400",0,1,0,0.632,113.097,0.126,"2,148.85",2,2,126.32,0.2,228,1,1,1,2
8.236,-1.928,131.158,1,20,15,2.3,"2,300",0,1,0,0.75,176.715,0.115,"3,534.29",2,2,115,0.153,300,1,1,1,2
6.235,0.174,102.335,1,25,18,6,"6,000",0,0,0,0.72,254.469,0.24,"6,361.73",1,2,240,0.333,450,2,2,0,2
7.503,-2.915,262.425,2,20,27,3.5,"3,500",0,0,0,1.35,572.555,0.175,"11,451.11",1,2,175,0.13,540,2,1,0,2
8.301,-2.179,212.325,2,19,22,3.5,"3,500",0,0,0,1.158,380.133,0.184,"7,222.52",1,2,184.21,0.159,418,2,1,0,2
6.675,-1.559,301.569,2,13,16,4,"3,000",0,1,1,1.231,201.062,0.308,"2,613.81",2,3,230.77,0.25,208,2,0,1,2
6.213,0.194,97.805,2,31,20,7.5,"7,500",0,0,0,0.645,314.159,0.242,"9,738.94",1,2,241.94,0.375,620,2,2,0,2
11.002,-0.22,230.54,0,9,11.1,6.83,610,1,0,0,1.233,96.769,0.759,870.92,1,2,67.78,0.615,99.9,0,0,1,2
6.563,0.623,143.343,1,28,14,6,"6,000",0,0,0,0.5,153.938,0.214,"4,310.27",1,2,214.29,0.429,392,2,2,0,2
10.934,-0.499,267.453,1,6,7,5,500,0,0,0,1.167,38.485,0.833,230.907,1,2,83.33,0.714,42,0,0,0,2
7.752,-2.809,371.103,1,20,12,1.4,"1,400",0,0,0,0.6,113.097,0.07,"2,261.95",1,2,70,0.117,240,1,1,0,2
6.057,-0.03,112.648,1,15,10,7,"7,000",1,1,0,0.667,78.54,0.467,"1,178.10",2,2,466.67,0.7,150,2,1,2,2
7.985,-2.433,301.846,2,20,16,3,"3,000",0,0,0,0.8,201.062,0.15,"4,021.24",1,2,150,0.188,320,2,1,0,2
6.606,0.454,209.667,2,31,19,6,"6,000",0,1,1,0.613,283.529,0.194,"8,789.39",2,3,193.55,0.316,589,2,2,1,2
8.15,-2.098,144.46,1,20,13,3,"3,000",0,1,0,0.65,132.732,0.15,"2,654.65",2,2,150,0.231,260,2,1,1,2
6.563,0.622,142.695,1,24,16,4,"4,000",0,0,0,0.667,201.062,0.167,"4,825.49",0,2,166.67,0.25,384,2,1,0,2
6.563,0.622,137.716,2,32,15,9,"9,000",0,0,0,0.469,176.715,0.281,"5,654.87",1,2,281.25,0.6,480,2,2,0,2
6.105,0.013,74.587,2,26,18,5,"5,000",0,0,0,0.692,254.469,0.192,"6,616.19",1,2,192.31,0.278,468,2,2,0,2
8.09,-1.896,180.219,1,23,8,2.2,"2,200",0,1,0,0.348,50.265,0.096,"1,156.11",2,2,95.65,0.275,184,1,1,1,2
7.506,-2.877,265.134,2,19,14,1.8,"1,800",0,1,0,0.737,153.938,0.095,"2,924.82",2,2,94.74,0.129,266,1,1,1,2
8.148,-2.089,143.376,1,22,18,2.7,"2,700",0,1,0,0.818,254.469,0.123,"5,598.32",2,2,122.73,0.15,396,1,1,1,2
6.213,0.193,99.071,2,32,19,8,"8,000",0,0,0,0.594,283.529,0.25,"9,072.92",1,2,250,0.421,608,2,2,0,2
10.842,-1.032,209.334,1,8.5,21.1,8.8,735,1,0,0,2.482,349.667,1.035,"2,972.17",1,2,86.47,0.417,179.35,0,0,1,2
6.227,0.183,109.017,2,38,24,9,"9,000",0,0,0,0.632,452.389,0.237,"17,190.80",1,2,236.84,0.375,912,2,2,0,2
8.236,-1.928,136.211,1,22,14,2.8,"2,800",0,1,0,0.636,153.938,0.127,"3,386.64",2,2,127.27,0.2,308,1,1,1,2
10.358,-2.237,334.955,0,12,25.7,12,"1,210",0,1,1,2.142,518.748,1,"6,224.97",2,3,100.83,0.467,308.4,1,0,1,2
6.529,0.714,93.775,1,32,12,8,"8,000",0,1,0,0.375,113.097,0.25,"3,619.12",2,2,250,0.667,384,2,2,1,2
6.148,0.224,58.753,2,28,17,3,"3,000",0,0,0,0.607,226.98,0.107,"6,355.44",1,2,107.14,0.176,476,2,2,0,2
8.151,-2.097,152.487,1,19,13,2.8,"2,800",0,1,0,0.684,132.732,0.147,"2,521.91",2,1,147.37,0.215,247,1,1,1,2
6.511,0.717,103.595,2,27,18,4,"4,000",0,0,0,0.667,254.469,0.148,"6,870.66",1,2,148.15,0.222,486,2,2,0,2
6.499,0.722,115.431,2,31,13,8,"8,000",0,0,0,0.419,132.732,0.258,"4,114.70",1,2,258.06,0.615,403,2,2,0,2
10.843,-1.033,216.889,1,20,10,10.4,"1,100",1,0,0,0.5,78.54,0.52,"1,570.80",1,2,55,1.04,200,1,1,1,2
