0,District,Geographic_Zone,Latitude,Longitude,Altitude_m,Tree_Growth_Habitat,DBH_mm,Height_m,Crown_Diameter_m,Trunk_Diameter_m,Farm_Cultivated,Topography,Soil_Texture,Uses_Fruit,Uses_Leaf,Uses_Stem,Uses_Root,Uses_Seed,Target_Food,Target_Beverage,Target_Medicine,coord_match,Drainage,taste_attribute,medicine_use,stem_used,crown_height_ratio,canopy_area_m2,trunk_height_ratio,plant_use_count,parts_used_count,dbh_height_ratio,trunk_crown_ratio,height_crown_product,dbh_category,height_category,total_special_attributes,target,height_dbh_ratio,crown_trunk_ratio,canopy_volume_proxy,trunk_slenderness,altitude_normalized,altitude_height_interaction,altitude_crown_interaction,total_parts_used,Geographic_Zone_encoded,Tree_Growth_Habitat_encoded,Topography_encoded,Soil_Texture_encoded,Farm_Cultivated_encoded
Ashanti,Kumasi Metropolitan,Southern_Zone,6.675,-1.559,300.97,Spreading,"3,000",13,16,3,"Backyard, kitchen or home garden (urban, peri-urban or rural)",Undulating,Sandy loam,1,1,1,0,0,1,0,1,"(6.675, -1.559)",2,0,1,1,1.231,201.062,0.308,2,3,230.77,0.25,208,2,0,1,2,4.193548387,5.161290323,3328,4.193548387,0.742385751,3912.61,4815.52,3,2,2,4,8,0
Bono,Jaman North,Middle_Zone,8.028,-0.585,177.57,Spreading,"2,000",17,12,2,"Backyard, kitchen or home garden (urban, peri-urban or rural)",Undulating,Sandy loam,1,1,1,0,0,1,0,1,"(8.028, -0.585)",,,,,,,,,,,,,,,,,8.095238095,5.714285714,2448,8.095238095,0.390146433,3018.69,2130.84,3,0,2,4,8,0
Bono,Jaman North,Middle_Zone,8.028,-0.585,177.57,Spreading,"3,500",20,19,3.5,"Backyard, kitchen or home garden (urban, peri-urban or rural)",Flat land,Sandy loam,1,1,1,0,0,1,0,1,"(8.028, -0.585)",,,,,,,,,,,,,,,,,5.555555556,5.277777778,7220,5.555555556,0.390146433,3551.4,3373.83,3,0,2,0,8,0
Bono,Jaman South Municipal,Middle_Zone,8.028,-0.585,177.57,Erect,"1,800",19,14,1.8,Unknown,Undulating,Sandy loam,1,1,0,0,0,1,0,1,"(8.028, -0.585)",,,,,,,,,,,,,,,,,10,7.368421053,3724,10,0.390146433,3373.83,2485.98,2,0,1,4,8,7
Bono,Jaman South Municipal,Middle_Zone,7.498,-2.881,335.02,Spreading,"5,000",21,26,5,"Backyard, kitchen or home garden (urban, peri-urban or rural)",Undulating,Sandy clay loam,1,1,0,0,0,1,0,1,"(7.498, -2.881)",2,0,1,0,1.238,530.929,0.238,2,2,238.1,0.192,546,2,1,1,2,4.117647059,5.098039216,14196,4.117647059,0.839579825,7035.42,8710.52,2,0,2,4,7,0
Bono,Jaman South Municipal,Middle_Zone,7.503,-2.915,269.3,Spreading,"3,500",20,27,3.5,"Backyard, kitchen or home garden (urban, peri-urban or rural)",Undulating,Sandy loam,1,1,0,0,0,1,0,0,"(7.503, -2.915)",2,0,0,0,1.35,572.555,0.175,1,2,175,0.13,540,2,1,0,2,5.555555556,7.5,14580,5.555555556,0.651985271,5386,7271.1,2,0,2,4,8,0
Bono,Jaman South Municipal,Middle_Zone,8.028,-0.585,177.57,Spreading,"2,000",18,16,2,Other,Flat land,Sandy loam,1,0,0,0,0,1,0,1,"(8.028, -0.585)",,,,,,,,,,,,,,,,,8.571428571,7.619047619,4608,8.571428571,0.390146433,3196.26,2841.12,1,0,2,0,8,5
Bono,Jaman South Municipal,Middle_Zone,7.751,-2.808,391.12,Spreading,"1,400",20,12,1.4,"Backyard, kitchen or home garden (urban, peri-urban or rural)",Undulating,Sandy loam,1,1,0,0,0,1,0,0,"(7.751, -2.808)",,,,,,,,,,,,,,,,,13.33333333,8,2880,13.33333333,0.999714555,7822.4,4693.44,2,0,2,4,8,0
Bono,Tain,Middle_Zone,8.142,-2.374,272.86,Spreading,"5,400",22,24,5.4,"Backyard, kitchen or home garden (urban, peri-urban or rural)",Undulating,Sandy loam,1,1,0,0,0,1,0,1,"(8.142, -2.374)",,,,,,,,,,,,,,,,,4,4.363636364,12672,4,0.662147118,6002.92,6548.64,2,0,2,4,8,0
Bono,Tain,Middle_Zone,7.985,-2.433,315.57,Spreading,"3,000",20,16,3,Field,Flat land,Sandy loam,1,1,0,0,0,1,0,0,"(7.985, -2.433)",2,0,0,0,0.8,201.062,0.15,1,2,150,0.188,320,2,1,0,2,6.451612903,5.161290323,5120,6.451612903,0.784060743,6311.4,5049.12,2,0,2,0,8,3
Bono East,Kintampo North Municipal,Middle_Zone,8.15,-2.098,166.06,Spreading,"2,400",21,14,2.4,Unknown,Undulating,Sandy loam,1,1,0,0,0,1,1,1,"(8.15, -2.098)",1,0,1,0,0.722,132.732,0.15,2,2,150,0.208,234,1,1,1,2,8.4,5.6,4116,8.4,0.357291696,3487.26,2324.84,2,0,2,4,8,7
Bono East,Kintampo North Municipal,Middle_Zone,8.15,-2.098,166.06,Spreading,"2,400",21,14,2.4,Unknown,Undulating,Sandy loam,1,1,0,0,0,1,1,1,"(8.15, -2.098)",1,0,1,0,0.652,176.715,0.122,2,2,121.74,0.187,345,1,1,1,2,8.4,5.6,4116,8.4,0.357291696,3487.26,2324.84,2,0,2,4,8,7
Bono East,Kintampo North Municipal,Middle_Zone,8.15,-2.098,166.06,Spreading,"2,400",21,14,2.4,Unknown,Undulating,Sandy loam,1,1,0,0,0,1,1,1,"(8.15, -2.098)",1,0,1,0,0.667,153.938,0.114,2,2,114.29,0.171,294,1,1,1,2,8.4,5.6,4116,8.4,0.357291696,3487.26,2324.84,2,0,2,4,8,7
Bono East,Kintampo North Municipal,Middle_Zone,8.15,-2.098,166.06,Spreading,"2,400",21,14,2.4,Unknown,Undulating,Sandy loam,1,1,0,0,0,1,1,1,"(8.15, -2.098)",1,0,1,0,0.65,132.732,0.15,2,2,150,0.231,260,2,1,1,2,8.4,5.6,4116,8.4,0.357291696,3487.26,2324.84,2,0,2,4,8,7
Bono East,Kintampo North Municipal,Middle_Zone,8.148,-2.089,144.92,Spreading,"3,000",21,16,3,Unknown,Undulating,Sandy loam,1,1,0,0,0,1,1,1,"(8.148, -2.089)",1,0,1,0,0.81,226.98,0.138,2,2,138.1,0.171,357,1,1,1,2,6.774193548,5.161290323,5376,6.774193548,0.296948591,3043.32,2318.72,2,0,2,4,8,7
Bono East,Kintampo North Municipal,Middle_Zone,8.148,-2.089,144.92,Spreading,"3,000",21,16,3,Unknown,Undulating,Sandy loam,1,1,0,0,0,1,1,1,"(8.148, -2.089)",1,0,1,0,0.762,201.062,0.143,2,2,142.86,0.188,336,2,1,1,2,6.774193548,5.161290323,5376,6.774193548,0.296948591,3043.32,2318.72,2,0,2,4,8,7
Bono East,Kintampo North Municipal,Middle_Zone,8.148,-2.089,144.92,Spreading,"3,000",21,16,3,Unknown,Undulating,Sandy loam,1,1,0,0,0,1,1,1,"(8.148, -2.089)",1,0,1,0,0.818,254.469,0.123,2,2,122.73,0.15,396,1,1,1,2,6.774193548,5.161290323,5376,6.774193548,0.296948591,3043.32,2318.72,2,0,2,4,8,7
Bono East,Kintampo North Municipal,Middle_Zone,8.028,-0.585,177.57,Spreading,"2,700",22,18,2.7,Unknown,Undulating,Sandy loam,1,1,0,0,0,1,1,1,"(8.028, -0.585)",,,,,,,,,,,,,,,,,7.857142857,6.428571429,7128,7.857142857,0.390146433,3906.54,3196.26,2,0,2,4,8,7
Bono East,Kintampo North Municipal,Middle_Zone,8.028,-0.585,177.57,Spreading,"2,900",21,17,2.9,Unknown,Flat land,Sandy loam,1,1,0,0,0,1,1,1,"(8.028, -0.585)",,,,,,,,,,,,,,,,,7,5.666666667,6069,7,0.390146433,3728.97,3018.69,2,0,2,0,8,7
Bono East,Kintampo North Municipal,Middle_Zone,8.15,-2.096,142.7,Spreading,"3,100",23,18,31,Unknown,Undulating,Sandy loam,1,1,0,0,0,1,1,1,"(8.15, -2.096)",1,0,1,0,0.783,254.469,0.174,2,2,134.78,0.222,414,2,1,1,2,0.739549839,0.578778135,7452,0.739549839,0.290611709,3282.1,2568.6,2,0,2,4,8,7
Bono East,Kintampo North Municipal,Middle_Zone,8.15,-2.098,165.08,Spreading,"2,700",18,13,2.7,Unknown,Undulating,Sandy loam,1,1,0,0,0,1,1,1,"(8.15, -2.098)",1,0,1,0,0.722,132.732,0.15,2,2,150,0.208,234,1,1,1,2,6.428571429,4.642857143,3042,6.428571429,0.354494334,2971.44,2146.04,2,0,2,4,8,7
Bono East,Kintampo North Municipal,Middle_Zone,8.15,-2.098,165.08,Spreading,"2,700",18,13,2.7,Unknown,Undulating,Sandy loam,1,1,0,0,0,1,1,1,"(8.15, -2.098)",1,0,1,0,0.652,176.715,0.122,2,2,121.74,0.187,345,1,1,1,2,6.428571429,4.642857143,3042,6.428571429,0.354494334,2971.44,2146.04,2,0,2,4,8,7
Bono East,Kintampo North Municipal,Middle_Zone,8.15,-2.098,165.08,Spreading,"2,700",18,13,2.7,Unknown,Undulating,Sandy loam,1,1,0,0,0,1,1,1,"(8.15, -2.098)",1,0,1,0,0.667,153.938,0.114,2,2,114.29,0.171,294,1,1,1,2,6.428571429,4.642857143,3042,6.428571429,0.354494334,2971.44,2146.04,2,0,2,4,8,7
Bono East,Kintampo North Municipal,Middle_Zone,8.15,-2.098,165.08,Spreading,"2,700",18,13,2.7,Unknown,Undulating,Sandy loam,1,1,0,0,0,1,1,1,"(8.15, -2.098)",1,0,1,0,0.65,132.732,0.15,2,2,150,0.231,260,2,1,1,2,6.428571429,4.642857143,3042,6.428571429,0.354494334,2971.44,2146.04,2,0,2,4,8,7
Bono East,Kintampo North Municipal,Middle_Zone,8.15,-2.098,145.21,Spreading,"2,800",23,15,2.8,Unknown,Undulating,Sandy loam,1,1,0,0,0,1,1,1,"(8.15, -2.098)",1,0,1,0,0.722,132.732,0.15,2,2,150,0.208,234,1,1,1,2,7.931034483,5.172413793,5175,7.931034483,0.297776382,3339.83,2178.15,2,0,2,4,8,7
Bono East,Kintampo North Municipal,Middle_Zone,8.15,-2.098,145.21,Spreading,"2,800",23,15,2.8,Unknown,Undulating,Sandy loam,1,1,0,0,0,1,1,1,"(8.15, -2.098)",1,0,1,0,0.652,176.715,0.122,2,2,121.74,0.187,345,1,1,1,2,7.931034483,5.172413793,5175,7.931034483,0.297776382,3339.83,2178.15,2,0,2,4,8,7
Bono East,Kintampo North Municipal,Middle_Zone,8.15,-2.098,145.21,Spreading,"2,800",23,15,2.8,Unknown,Undulating,Sandy loam,1,1,0,0,0,1,1,1,"(8.15, -2.098)",1,0,1,0,0.667,153.938,0.114,2,2,114.29,0.171,294,1,1,1,2,7.931034483,5.172413793,5175,7.931034483,0.297776382,3339.83,2178.15,2,0,2,4,8,7
Bono East,Kintampo North Municipal,Middle_Zone,8.15,-2.098,145.21,Spreading,"2,800",23,15,2.8,Unknown,Undulating,Sandy loam,1,1,0,0,0,1,1,1,"(8.15, -2.098)",1,0,1,0,0.65,132.732,0.15,2,2,150,0.231,260,2,1,1,2,7.931034483,5.172413793,5175,7.931034483,0.297776382,3339.83,2178.15,2,0,2,4,8,7
Bono East,Kintampo North Municipal,Middle_Zone,8.028,-0.585,177.57,Spreading,"3,000",20,13,3,Fallow land,Undulating,Sandy loam,1,1,0,0,0,1,1,1,"(8.028, -0.585)",,,,,,,,,,,,,,,,,6.451612903,4.193548387,3380,6.451612903,0.390146433,3551.4,2308.41,2,0,2,4,8,2
Bono East,Kintampo North Municipal,Middle_Zone,8.028,-0.585,177.57,Spreading,"2,900",21,15,2.9,Unknown,Undulating,Sandy loam,1,1,0,0,0,1,1,1,"(8.028, -0.585)",,,,,,,,,,,,,,,,,7,5,4725,7,0.390146433,3728.97,2663.55,2,0,2,4,8,7
Bono East,Kintampo North Municipal,Middle_Zone,8.151,-2.097,184.69,Spreading,"2,800",19,13,2.8,Unknown,Undulating,Sandy loam,1,0,0,0,0,1,1,1,"(8.151, -2.097)",1,0,1,0,0.684,132.732,0.147,2,1,147.37,0.215,247,1,1,1,2,6.551724138,4.482758621,3211,6.551724138,0.410470128,3509.11,2400.97,1,0,2,4,8,7
Bono East,Kintampo North Municipal,Middle_Zone,8.028,-0.585,177.57,Spreading,"2,900",20,16,2.9,Unknown,Hilly,Sandy loam,1,1,0,0,0,1,0,1,"(8.028, -0.585)",,,,,,,,,,,,,,,,,6.666666667,5.333333333,5120,6.666666667,0.390146433,3551.4,2841.12,2,0,2,1,8,7
Bono East,Kintampo North Municipal,Middle_Zone,8.09,-1.896,180.24,Erect,"2,200",23,8,2.2,Unknown,Flat land,Sandy loam,1,1,0,0,0,1,1,1,"(8.09, -1.896)",1,0,1,0,0.348,50.265,0.096,2,2,95.65,0.275,184,1,1,1,2,10,3.47826087,1472,10,0.397767819,4145.52,1441.92,2,0,1,0,8,7
Bono East,Kintampo North Municipal,Middle_Zone,8.149,-2.076,153.59,Spreading,"2,600",22,14,2.6,Unknown,Hilly,Sandy loam,1,1,0,0,0,1,1,1,"(8.149, -2.076)",1,0,1,0,0.636,153.938,0.118,2,2,118.18,0.186,308,1,1,1,2,8.148148148,5.185185185,4312,8.148148148,0.321696686,3378.98,2150.26,2,0,2,1,8,7
Bono East,Kintampo North Municipal,Middle_Zone,8.149,-2.076,145.08,Spreading,"3,100",21,15,3.1,Unknown,Flat land,Sandy loam,1,1,0,0,0,1,1,1,"(8.149, -2.076)",1,0,1,0,0.636,153.938,0.118,2,2,118.18,0.186,308,1,1,1,2,6.5625,4.6875,4725,6.5625,0.297405304,3046.68,2176.2,2,0,2,0,8,7
Bono East,Kintampo North Municipal,Middle_Zone,8.091,-1.896,177.52,Erect,"2,400",21,11,2.4,Unknown,Flat land,Sandy loam,1,1,1,0,0,1,1,1,"(8.091, -1.896)",1,0,1,1,0.524,95.033,0.114,2,3,114.29,0.218,231,1,1,1,2,8.4,4.4,2541,8.4,0.390003711,3727.92,1952.72,3,0,1,0,8,7
Bono East,Kintampo South,Middle_Zone,7.822,-1.759,331.82,Spreading,"3,100",20,15,3.1,Field,Undulating,Sandy loam,1,1,0,0,0,1,1,0,"(7.822, -1.759)",1,0,0,0,0.75,176.715,0.155,1,2,155,0.207,300,2,1,0,2,6.25,4.6875,4500,6.25,0.83044558,6636.4,4977.3,2,0,2,4,8,3
Bono East,Kintampo South,Middle_Zone,8.028,-0.585,177.57,Spreading,"2,900",20,16,2.9,Field,Undulating,Sandy loam,1,1,0,0,0,1,1,1,"(8.028, -0.585)",,,,,,,,,,,,,,,,,6.666666667,5.333333333,5120,6.666666667,0.390146433,3551.4,2841.12,2,0,2,4,8,3
Bono East,Nkoranza North,Middle_Zone,7.638,-1.725,353.38,Spreading,"3,400",19,17,34,Other,Undulating,Sandy loam,1,1,0,0,0,1,1,0,"(7.638, -1.725)",,,,,,,,,,,,,,,,,0.557184751,0.498533724,5491,0.557184751,0.891987555,6714.22,6007.46,2,0,2,4,8,5
Bono East,Nkoranza North,Middle_Zone,8.028,-0.585,177.57,Spreading,"3,100",18,15,3.1,"Backyard, kitchen or home garden (urban, peri-urban or rural)",Undulating,Sandy loam,1,1,0,0,0,1,1,1,"(8.028, -0.585)",,,,,,,,,,,,,,,,,5.625,4.6875,4050,5.625,0.390146433,3196.26,2663.55,2,0,2,4,8,0
Bono East,Nkoranza North,Middle_Zone,8.028,-0.585,177.57,Erect,"2,100",19,10,2.1,Field,Undulating,Sandy loam,1,1,0,0,0,1,1,0,"(8.028, -0.585)",,,,,,,,,,,,,,,,,8.636363636,4.545454545,1900,8.636363636,0.390146433,3373.83,1775.7,2,0,1,4,8,3
Bono East,Nkoranza North,Middle_Zone,8.028,-0.585,177.57,Spreading,"2,800",20,14,2.8,Field,Undulating,Sandy loam,1,1,0,0,0,1,1,0,"(8.028, -0.585)",,,,,,,,,,,,,,,,,6.896551724,4.827586207,3920,6.896551724,0.390146433,3551.4,2485.98,2,0,2,4,8,3
Eastern,Asuogyaman,Southern_Zone,6.236,0.1,45.93,Erect,"3,000",19,10,3,"Backyard, kitchen or home garden (urban, peri-urban or rural)",Flat land,Sand,1,1,1,0,0,1,1,1,"(6.236, 0.1)",,,,,,,,,,,,,,,,,6.129032258,3.225806452,1900,6.129032258,0.014386436,872.67,459.3,3,2,1,0,4,0
Eastern,Asuogyaman,Southern_Zone,6.243,0.111,60.93,Spreading,"8,000",31,26,8,Orchard,Flat land,Sand,1,1,0,0,0,1,1,0,"(6.243, 0.111)",2,0,0,0,0.839,530.929,0.258,1,2,258.06,0.308,806,2,2,0,1,3.827160494,3.209876543,20956,3.827160494,0.057203208,1888.83,1584.18,2,2,2,0,4,4
Eastern,Asuogyaman,Southern_Zone,6.243,0.111,60.93,Spreading,"8,000",31,26,8,Orchard,Flat land,Sand,1,1,0,0,0,1,1,0,"(6.243, 0.111)",2,0,0,0,0.613,283.529,0.29,1,2,290.32,0.474,589,2,2,0,2,3.827160494,3.209876543,20956,3.827160494,0.057203208,1888.83,1584.18,2,2,2,0,4,4
Eastern,Asuogyaman,Southern_Zone,6.243,0.111,64.63,Spreading,"9,000",31,19,9,Fallow land,Flat land,Sand,1,1,0,0,0,1,1,0,"(6.243, 0.111)",2,0,0,0,0.839,530.929,0.258,1,2,258.06,0.308,806,2,2,0,1,3.406593407,2.087912088,11191,3.406593407,0.067764679,2003.53,1227.97,2,2,2,0,4,2
Eastern,Asuogyaman,Southern_Zone,6.243,0.111,64.63,Spreading,"9,000",31,19,9,Fallow land,Flat land,Sand,1,1,0,0,0,1,1,0,"(6.243, 0.111)",2,0,0,0,0.613,283.529,0.29,1,2,290.32,0.474,589,2,2,0,2,3.406593407,2.087912088,11191,3.406593407,0.067764679,2003.53,1227.97,2,2,2,0,4,2
Eastern,Asuogyaman,Southern_Zone,6.243,0.112,70.05,Spreading,"5,000",28,18,5,Fallow land,Flat land,Sand,0,1,0,0,0,1,0,0,"(6.243, 0.112)",2,0,0,0,0.643,254.469,0.179,1,1,178.57,0.278,504,2,2,0,0,5.490196078,3.529411765,9072,5.490196078,0.083235806,1961.4,1260.9,1,2,2,0,4,2
Eastern,Asuogyaman,Southern_Zone,6.24,0.093,40.89,Spreading,"8,000",31,22,8,"Backyard, kitchen or home garden (urban, peri-urban or rural)",Flat land,Sandy loam,1,1,1,0,0,1,1,1,"(6.24, 0.093)",1,1,1,1,0.71,380.133,0.258,2,3,258.06,0.364,682,2,2,2,2,3.827160494,2.716049383,15004,3.827160494,0,1267.59,899.58,3,2,2,0,8,0
Eastern,Yilo Krobo,Southern_Zone,6.057,-0.03,109.05,Spreading,"7,000",15,10,7,"Backyard, kitchen or home garden (urban, peri-urban or rural)",Flat land,Sandy loam,1,1,0,0,0,1,1,1,"(6.057, -0.03)",1,1,1,0,0.667,78.54,0.467,2,2,466.67,0.7,150,2,1,2,2,2.112676056,1.408450704,1500,2.112676056,0.194559415,1635.75,1090.5,2,2,2,0,8,0
Eastern,Yilo Krobo,Southern_Zone,6.058,-0.028,128.37,Erect,"5,000",18,12,5,Fallow land,Swamp,Clay loam,1,1,0,0,0,1,0,1,"(6.058, -0.028)",1,0,0,0,0.765,183.854,0.25,1,1,250,0.327,306,2,1,0,0,3.529411765,2.352941176,2592,3.529411765,0.249707419,2310.66,1540.44,2,2,1,3,1,2
Eastern,Yilo Krobo,Southern_Zone,6.058,-0.028,128.37,Erect,"5,000",18,12,5,Fallow land,Swamp,Clay loam,1,1,0,0,0,1,0,1,"(6.058, -0.028)",1,1,1,0,0.667,113.097,0.278,2,2,277.78,0.417,216,2,1,2,2,3.529411765,2.352941176,2592,3.529411765,0.249707419,2310.66,1540.44,2,2,1,3,1,2
Eastern,Yilo Krobo,Southern_Zone,6.057,-0.025,147.86,Erect,"5,000",22,16,5,Fallow land,Swamp,Clay loam,0,1,0,0,0,1,1,0,"(6.057, -0.025)",,,,,,,,,,,,,,,,,4.31372549,3.137254902,5632,4.31372549,0.305340679,3252.92,2365.76,1,2,1,3,1,2
Eastern,Yilo Krobo,Southern_Zone,6.054,-0.026,150.82,Erect,"6,000",21,12,6,Field,Flat land,Sandy loam,1,1,0,0,0,1,1,1,"(6.054, -0.026)",2,1,1,0,0.729,183.854,0.286,2,2,285.71,0.392,321.3,2,1,2,0,3.442622951,1.967213115,3024,3.442622951,0.313789855,3167.22,1809.84,2,2,1,0,8,3
Eastern,Yilo Krobo,Southern_Zone,6.065,-0.018,88.79,Erect,"3,000",22,16,3,Field,Flat land,Sandy loam,1,1,1,0,0,1,1,0,"(6.065, -0.018)",,,,,,,,,,,,,,,,,7.096774194,5.161290323,5632,7.096774194,0.136728228,1953.38,1420.64,3,2,1,0,8,3
Eastern,Yilo Krobo,Southern_Zone,6.103,0.004,83.3,Spreading,"5,000",26,18,5,Fallow land,Flat land,Sandy loam,1,1,0,0,0,1,1,0,"(6.103, 0.004)",,,,,,,,,,,,,,,,,5.098039216,3.529411765,8424,5.098039216,0.121057289,2165.8,1499.4,2,2,2,0,8,2
Savannah,Sawla-Tuna-Kalba,Middle_Zone,8.028,-0.585,177.57,Spreading,"2,800",22,14,2.8,Unknown,Flat land,Sandy clay loam,1,1,0,0,0,1,1,1,"(8.028, -0.585)",,,,,,,,,,,,,,,,,7.586206897,4.827586207,4312,7.586206897,0.390146433,3906.54,2485.98,2,0,2,0,7,7
Savannah,Sawla-Tuna-Kalba,Middle_Zone,8.301,-2.179,210.6,Spreading,"3,500",19,22,3.5,"Backyard, kitchen or home garden (urban, peri-urban or rural)",Undulating,Sandy loam,1,1,0,0,0,1,0,0,"(8.301, -2.179)",2,0,0,0,0.7,153.938,0.18,1,2,180,0.257,280,2,1,0,2,5.277777778,6.111111111,9196,5.277777778,0.484428967,4001.4,4633.2,2,0,2,4,8,0
Savannah,Sawla-Tuna-Kalba,Middle_Zone,8.301,-2.179,210.6,Spreading,"3,500",19,22,3.5,"Backyard, kitchen or home garden (urban, peri-urban or rural)",Undulating,Sandy loam,1,1,0,0,0,1,0,0,"(8.301, -2.179)",2,0,0,0,1.158,380.133,0.184,1,2,184.21,0.159,418,2,1,0,2,5.277777778,6.111111111,9196,5.277777778,0.484428967,4001.4,4633.2,2,0,2,4,8,0
Savannah,Sawla-Tuna-Kalba,Middle_Zone,8.301,-2.179,209.77,Spreading,"3,600",20,14,3.6,"Backyard, kitchen or home garden (urban, peri-urban or rural)",Undulating,Sandy loam,1,1,0,0,0,1,1,0,"(8.301, -2.179)",2,0,0,0,0.7,153.938,0.18,1,2,180,0.257,280,2,1,0,2,5.405405405,3.783783784,3920,5.405405405,0.482059772,4195.4,2936.78,2,0,2,4,8,0
Savannah,Sawla-Tuna-Kalba,Middle_Zone,8.301,-2.179,209.77,Spreading,"3,600",20,14,3.6,"Backyard, kitchen or home garden (urban, peri-urban or rural)",Undulating,Sandy loam,1,1,0,0,0,1,1,0,"(8.301, -2.179)",2,0,0,0,1.158,380.133,0.184,1,2,184.21,0.159,418,2,1,0,2,5.405405405,3.783783784,3920,5.405405405,0.482059772,4195.4,2936.78,2,0,2,4,8,0
Savannah,Sawla-Tuna-Kalba,Middle_Zone,8.53,-2.202,183.66,Spreading,"2,400",19,12,2.4,Field,Flat land,Sand,1,1,0,0,0,1,0,1,"(8.53, -2.202)",,,,,,,,,,,,,,,,,7.6,4.8,2736,7.6,0.407530043,3489.54,2203.92,2,0,2,0,4,3
Savannah,Sawla-Tuna-Kalba,Middle_Zone,8.236,-1.928,127.51,Spreading,"2,300",20,15,2.3,Unknown,Flat land,Sandy clay loam,1,1,0,0,0,1,1,1,"(8.236, -1.928)",1,0,1,0,0.75,176.715,0.115,2,2,115,0.153,300,1,1,1,2,8.333333333,6.25,4500,8.333333333,0.24725259,2550.2,1912.65,2,0,2,0,7,7
Savannah,Sawla-Tuna-Kalba,Middle_Zone,8.236,-1.928,127.51,Spreading,"2,300",20,15,2.3,Unknown,Flat land,Sandy clay loam,1,1,0,0,0,1,1,1,"(8.236, -1.928)",1,0,1,0,0.636,153.938,0.127,2,2,127.27,0.2,308,1,1,1,2,8.333333333,6.25,4500,8.333333333,0.24725259,2550.2,1912.65,2,0,2,0,7,7
Upper East,Nabdam,Northern_Zone,10.797,-0.794,350.66,Drooping,950,7,21.9,12.3,"Backyard, kitchen or home garden (urban, peri-urban or rural)",Flat land,Loam,1,1,0,0,1,1,0,1,"(10.797, -0.794)",1,1,1,0,3.129,376.685,1.757,2,2,135.71,0.562,153.3,0,0,2,0,0.564516129,1.766129032,3357.27,0.564516129,0.884223446,2454.62,7679.454,3,1,0,0,2,0
Upper East,Nabdam,Northern_Zone,10.934,-0.499,231.61,Drooping,330,4,8.7,3.8,"Backyard, kitchen or home garden (urban, peri-urban or rural)",Flat land,Sandy clay loam,1,1,0,0,0,1,1,0,"(10.934, -0.499)",1,0,0,0,2.615,226.98,0.723,1,2,61.54,0.276,110.5,0,0,0,1,1.025641026,2.230769231,302.76,1.025641026,0.544400993,926.44,2015.007,2,1,0,0,7,0
Upper East,Nabdam,Northern_Zone,10.934,-0.499,231.61,Drooping,330,4,8.7,3.8,"Backyard, kitchen or home garden (urban, peri-urban or rural)",Flat land,Sandy clay loam,1,1,0,0,0,1,1,0,"(10.934, -0.499)",1,0,0,0,1.167,38.485,0.833,1,2,83.33,0.714,42,0,0,0,2,1.025641026,2.230769231,302.76,1.025641026,0.544400993,926.44,2015.007,2,1,0,0,7,0
Upper East,Nabdam,Northern_Zone,10.959,-1.1,234.35,Drooping,530,9,17.8,5.8,Field,Flat land,Sand,1,1,0,0,0,1,0,0,"(10.959, -1.1)",1,0,0,0,0.89,248.846,0.29,1,2,26.5,0.326,356,0,1,0,2,1.525423729,3.016949153,2851.56,1.525423729,0.552222191,2109.15,4171.43,2,1,0,0,4,3
Upper East,Nabdam,Northern_Zone,10.96,-1.099,240.09,Erect,280,7,12.65,3.4,Field,Flat land,Clay loam,1,1,0,0,1,1,0,0,"(10.96, -1.099)",,,,,,,,,,,,,,,,,2,3.614285714,1120.1575,2,0.568606742,1680.63,3037.1385,3,1,1,0,1,3
Upper East,Nabdam,Northern_Zone,10.965,-1.102,240.97,Drooping,810,9,18.8,9.2,"Backyard, kitchen or home garden (urban, peri-urban or rural)",Flat land,Sand,1,1,0,0,0,1,0,0,"(10.965, -1.102)",1,0,0,0,2.089,277.591,1.022,1,2,90,0.489,169.2,0,0,0,2,0.967741935,2.021505376,3180.96,0.967741935,0.57111866,2168.73,4530.236,2,1,0,0,4,0
Upper East,Nabdam,Middle_Zone,8.028,-0.585,177.57,Drooping,550,8.5,18.1,6,Other,Flat land,Sandy loam,1,1,0,0,0,1,0,0,"(8.028, -0.585)",,,,,,,,,,,,,,,,,1.393442623,2.967213115,2784.685,1.393442623,0.390146433,1509.345,3214.017,2,0,0,0,8,5
Upper East,Nabdam,Northern_Zone,10.844,-1.032,203.77,Erect,275,4,10.3,3.5,Field,Flat land,Sandy loam,1,1,0,0,0,1,0,0,"(10.844, -1.032)",1,0,0,0,2.575,83.323,0.875,1,2,68.75,0.34,41.2,0,0,0,2,1.111111111,2.861111111,424.36,1.111111111,0.464933063,815.08,2098.831,2,1,1,0,8,3
Upper East,Nabdam,Northern_Zone,10.843,-1.032,202.9,Spreading,735,8.5,21.1,8.8,Field,Swamp,Clay loam,1,1,0,0,0,1,1,0,"(10.843, -1.032)",1,1,0,0,1.912,183.854,0.65,1,2,5.63,0.34,122.4,0,0,1,1,0.95505618,2.370786517,3784.285,0.95505618,0.46244969,1724.65,4281.19,2,1,2,3,1,3
Upper East,Nabdam,Northern_Zone,10.843,-1.032,201.04,Drooping,450,8,15.3,5.2,Field,Flat land,Clay loam,1,1,0,0,0,1,0,0,"(10.843, -1.032)",1,1,0,0,1.912,183.854,0.65,1,2,5.63,0.34,122.4,0,0,1,1,1.509433962,2.886792453,1872.72,1.509433962,0.45714041,1608.32,3075.912,2,1,0,0,1,3
Upper East,Nabdam,Northern_Zone,10.843,-1.033,211.43,Spreading,"1,100",19.92,10,10.4,Field,Flat land,Loamy sand,1,1,0,0,0,1,1,0,"(10.843, -1.033)",1,1,0,0,0.5,78.54,0.52,1,2,55,1.04,200,1,1,1,2,1.897142857,0.952380952,1992,1.897142857,0.486798162,4211.6856,2114.3,2,1,2,0,3,3
Upper East,Nabdam,Northern_Zone,10.851,-1.021,198.4,Spreading,520,8.5,17.27,5.56,Field,Flat land,Loam,1,1,0,0,0,1,0,0,"(10.851, -1.021)",,,,,,,,,,,,,,,,,1.501766784,3.051236749,2535.14965,1.501766784,0.449604658,1686.4,3426.368,2,1,2,0,2,3
Upper East,Nabdam,Northern_Zone,10.852,-1.022,186.94,Erect,190,8,7.1,2.6,Field,Flat land,Clay loam,1,1,0,0,0,1,0,0,"(10.852, -1.022)",,,,,,,,,,,,,,,,,2.962962963,2.62962963,403.28,2.962962963,0.416892644,1495.52,1327.274,2,1,1,0,1,3
Upper East,Nabdam,Northern_Zone,10.794,-0.859,251.69,Spreading,730,12,18.3,7.5,"Backyard, kitchen or home garden (urban, peri-urban or rural)",Flat land,Sandy loam,1,0,0,0,0,1,0,0,"(10.794, -0.859)",1,0,0,0,1.525,263.022,0.625,1,1,60.83,0.41,219.6,0,0,0,2,1.578947368,2.407894737,4018.68,1.578947368,0.60171838,3020.28,4605.927,1,1,2,0,8,0
Upper East,Nabdam,Northern_Zone,10.796,-0.794,250.4,Spreading,860,7,21.2,9.8,"Backyard, kitchen or home garden (urban, peri-urban or rural)",Flat land,Silt loam,1,0,0,0,0,1,0,1,"(10.796, -0.794)",1,0,1,0,3.029,352.989,1.4,2,1,122.86,0.462,148.4,0,0,1,2,0.707070707,2.141414141,3146.08,0.707070707,0.598036137,1752.8,5308.48,1,1,2,0,10,0
Upper East,Nabdam,Northern_Zone,11.027,-0.253,267.06,Spreading,395,6,11.2,4.8,Field,Flat land,Sandy loam,1,1,0,0,1,1,0,0,"(11.027, -0.253)",1,1,0,0,1.386,73.898,0.757,1,2,67.14,0.546,67.9,0,0,1,0,1.224489796,2.285714286,752.64,1.224489796,0.6455913,1602.36,2991.072,3,1,2,0,8,3
Upper East,Nabdam,Northern_Zone,11.027,-0.253,267.06,Spreading,395,6,11.2,4.8,Field,Flat land,Sandy loam,1,1,0,0,1,1,0,0,"(11.027, -0.253)",1,0,0,0,1.867,98.52,0.8,1,2,65.83,0.429,67.2,0,0,0,1,1.224489796,2.285714286,752.64,1.224489796,0.6455913,1602.36,2991.072,3,1,2,0,8,3
Upper East,Nabdam,Northern_Zone,11.027,-0.253,261.43,Erect,470,7,9.7,5.3,Fallow land,Flat land,Sandy loam,1,1,0,0,0,1,0,0,"(11.027, -0.253)",1,1,0,0,1.386,73.898,0.757,1,2,67.14,0.546,67.9,0,0,1,0,1.296296296,1.796296296,658.63,1.296296296,0.629520738,1830.01,2535.871,2,1,1,0,8,2
Upper East,Nabdam,Northern_Zone,11.027,-0.253,261.43,Erect,470,7,9.7,5.3,Fallow land,Flat land,Sandy loam,1,1,0,0,0,1,0,0,"(11.027, -0.253)",1,0,0,0,1.867,98.52,0.8,1,2,65.83,0.429,67.2,0,0,0,1,1.296296296,1.796296296,658.63,1.296296296,0.629520738,1830.01,2535.871,2,1,1,0,8,2
Upper East,Nabdam,Northern_Zone,10.987,-0.214,275.83,Erect,570,10,16.2,7.8,"Backyard, kitchen or home garden (urban, peri-urban or rural)",Flat land,Sand,0,1,0,0,1,1,0,0,"(10.987, -0.214)",1,0,0,0,1.62,206.12,0.78,1,1,57,0.481,162,0,0,0,2,1.265822785,2.050632911,2624.4,1.265822785,0.670624839,2758.3,4468.446,2,1,1,0,4,0
Upper East,Nabdam,Northern_Zone,10.881,-0.557,272.68,Drooping,910,10,25.2,11,"Backyard, kitchen or home garden (urban, peri-urban or rural)",Flat land,Loam,1,1,0,0,1,1,0,0,"(10.881, -0.557)",2,1,0,0,2.52,498.759,1.1,1,2,91,0.437,252,0,0,1,0,0.900900901,2.27027027,6350.4,0.900900901,0.661633317,2726.8,6871.536,3,1,0,0,2,0
Upper East,Nabdam,Northern_Zone,10.893,-0.543,244.04,Erect,470,6,16.6,5.4,"Backyard, kitchen or home garden (urban, peri-urban or rural)",Flat land,Silt loam,1,1,0,0,1,1,1,0,"(10.893, -0.543)",1,1,0,0,3.514,475.292,1.586,1,1,158.57,0.451,172.2,1,0,1,0,1.090909091,3.018181818,1653.36,1.090909091,0.579881826,1464.24,4051.064,3,1,1,0,10,0
Upper East,Nabdam,Northern_Zone,10.893,-0.543,244.04,Erect,470,6,16.6,5.4,"Backyard, kitchen or home garden (urban, peri-urban or rural)",Flat land,Silt loam,1,1,0,0,1,1,1,0,"(10.893, -0.543)",1,1,0,0,2.767,216.424,0.9,1,2,78.33,0.325,99.6,0,0,1,1,1.090909091,3.018181818,1653.36,1.090909091,0.579881826,1464.24,4051.064,3,1,1,0,10,0
Upper East,Nabdam,Northern_Zone,10.892,-0.543,279.93,Erect,"1,110",7,24.6,11.1,Fallow land,Flat land,Silt,0,1,0,0,1,1,0,0,"(10.892, -0.543)",,,,,,,,,,,,,,,,,0.625,2.196428571,4236.12,0.625,0.682328091,1959.51,6886.278,2,1,1,0,9,2
Upper East,Nabdam,Northern_Zone,10.935,-0.499,268.98,Drooping,500,6,7,5,"Backyard, kitchen or home garden (urban, peri-urban or rural)",Flat land,Sand,1,1,0,0,1,1,0,0,"(10.935, -0.499)",1,0,0,0,2.175,59.447,0.95,1,2,82.5,0.437,34.8,0,0,0,1,1.176470588,1.37254902,294,1.176470588,0.651071847,1613.88,1882.86,3,1,0,0,4,0
Upper East,Nabdam,Northern_Zone,10.935,-0.499,268.98,Drooping,500,6,7,5,"Backyard, kitchen or home garden (urban, peri-urban or rural)",Flat land,Sand,1,1,0,0,1,1,0,0,"(10.935, -0.499)",1,0,0,0,2.518,130.748,0.838,1,2,76.107,0.326,57.162,0,0,0,1,1.176470588,1.37254902,294,1.176470588,0.651071847,1613.88,1882.86,3,1,0,0,4,0
Upper East,Nabdam,Northern_Zone,10.934,-0.499,268.87,Erect,400,6.5,17,4.7,"Backyard, kitchen or home garden (urban, peri-urban or rural)",Flat land,Sandy loam,1,1,0,0,1,1,1,0,"(10.934, -0.499)",1,0,0,0,2.615,226.98,0.723,1,2,61.54,0.276,110.5,0,0,0,1,1.354166667,3.541666667,1878.5,1.354166667,0.650757857,1747.655,4570.79,3,1,1,0,8,0
Upper East,Nabdam,Northern_Zone,10.934,-0.499,268.87,Erect,400,6.5,17,4.7,"Backyard, kitchen or home garden (urban, peri-urban or rural)",Flat land,Sandy loam,1,1,0,0,1,1,1,0,"(10.934, -0.499)",1,0,0,0,1.167,38.485,0.833,1,2,83.33,0.714,42,0,0,0,2,1.354166667,3.541666667,1878.5,1.354166667,0.650757857,1747.655,4570.79,3,1,1,0,8,0
Upper East,Nabdam,Northern_Zone,10.99,-0.213,274.19,Erect,390,8,13,4.5,Field,Flat land,Sand,1,0,0,0,0,1,0,0,"(10.99, -0.213)",0,0,0,0,1.625,132.732,0.562,1,1,48.75,0.346,104,0,0,0,2,1.739130435,2.826086957,1352,1.739130435,0.665943539,2193.52,3564.47,1,1,1,0,4,3
Upper East,Nabdam,Northern_Zone,11.002,-0.22,302.51,Erect,640,8,13.8,6.7,"Backyard, kitchen or home garden (urban, peri-urban or rural)",Flat land,Silt loam,1,1,0,0,0,1,0,0,"(11.002, -0.22)",1,0,0,0,1.725,149.571,0.837,1,2,80,0.486,110.4,0,0,0,2,1.176470588,2.029411765,1523.52,1.176470588,0.746781606,2420.08,4174.638,2,1,1,0,10,0
Upper East,Nabdam,Northern_Zone,11.002,-0.22,302.51,Erect,640,8,13.8,6.7,"Backyard, kitchen or home garden (urban, peri-urban or rural)",Flat land,Silt loam,1,1,0,0,0,1,0,0,"(11.002, -0.22)",0,1,0,0,1.233,96.769,0.759,1,2,67.78,0.615,99.9,0,0,1,2,1.176470588,2.029411765,1523.52,1.176470588,0.746781606,2420.08,4174.638,2,1,1,0,10,0
Upper East,Nabdam,Northern_Zone,11.002,-0.22,271.27,Erect,610,9,11.1,6.83,"Backyard, kitchen or home garden (urban, peri-urban or rural)",Flat land,Silt loam,1,1,0,0,1,1,0,0,"(11.002, -0.22)",1,0,0,0,1.725,149.571,0.837,1,2,80,0.486,110.4,0,0,0,2,1.298701299,1.601731602,1108.89,1.298701299,0.657608541,2441.43,3011.097,3,1,1,0,10,0
Upper East,Nabdam,Northern_Zone,11.002,-0.22,271.27,Erect,610,9,11.1,6.83,"Backyard, kitchen or home garden (urban, peri-urban or rural)",Flat land,Silt loam,1,1,0,0,1,1,0,0,"(11.002, -0.22)",0,1,0,0,1.233,96.769,0.759,1,2,67.78,0.615,99.9,0,0,1,2,1.298701299,1.601731602,1108.89,1.298701299,0.657608541,2441.43,3011.097,3,1,1,0,10,0
Upper East,Nabdam,Northern_Zone,10.814,-1.182,200.46,Drooping,570,9,21.8,7.6,"Backyard, kitchen or home garden (urban, peri-urban or rural)",Flat land,Sandy loam,0,1,1,0,1,1,1,0,"(10.814, -1.182)",1,1,0,1,2.422,373.253,0.844,1,2,63.33,0.349,196.2,0,0,1,1,1.168831169,2.831168831,4277.16,1.168831169,0.455484829,1804.14,4370.028,3,1,0,0,8,0
Upper West,Sissala East,Northern_Zone,10.744,-2.039,338.3,Spreading,640,9,16.55,6.9,Field,Flat land,Sandy loam,1,1,1,1,0,1,0,1,"(10.744, -2.039)",1,0,1,0,2.683,203.583,0.983,2,2,91.67,0.366,96.6,0,0,1,0,1.285714286,2.364285714,2465.1225,1.285714286,0.848942426,3044.7,5598.865,4,1,2,0,8,3
Upper West,Sissala East,Northern_Zone,10.744,-2.039,338.3,Spreading,640,9,16.55,6.9,Field,Flat land,Sandy loam,1,1,1,1,0,1,0,1,"(10.744, -2.039)",1,0,1,1,1.839,215.123,0.767,2,3,71.11,0.417,148.95,0,0,1,1,1.285714286,2.364285714,2465.1225,1.285714286,0.848942426,3044.7,5598.865,4,1,2,0,8,3
Upper West,Sissala East,Northern_Zone,10.744,-2.039,332.78,Drooping,550,6,16.1,5.9,Field,Flat land,Sandy loam,1,1,0,1,0,1,0,1,"(10.744, -2.039)",1,0,1,0,2.683,203.583,0.983,2,2,91.67,0.366,96.6,0,0,1,0,1,2.683333333,1555.26,1,0.833185853,1996.68,5357.758,3,1,0,0,8,3
Upper West,Sissala East,Northern_Zone,10.744,-2.039,332.78,Drooping,550,6,16.1,5.9,Field,Flat land,Sandy loam,1,1,0,1,0,1,0,1,"(10.744, -2.039)",1,0,1,1,1.839,215.123,0.767,2,3,71.11,0.417,148.95,0,0,1,1,1,2.683333333,1555.26,1,0.833185853,1996.68,5357.758,3,1,0,0,8,3
Upper West,Sissala East,Middle_Zone,8.028,-0.585,177.57,Drooping,540,7,15.6,6.1,Field,Flat land,Loamy sand,0,1,0,1,0,1,0,1,"(8.028, -0.585)",,,,,,,,,,,,,,,,,1.129032258,2.516129032,1703.52,1.129032258,0.390146433,1242.99,2770.092,2,0,0,0,3,3
Upper West,Wa East,Northern_Zone,10.367,-2.038,249.36,Spreading,810,12,23.8,9.5,Field,Flat land,Sandy loam,1,0,0,0,0,1,0,0,"(10.367, -2.038)",1,0,0,0,1.8,366.435,0.692,1,1,64.17,0.384,259.2,0,0,0,1,1.25,2.479166667,6797.28,1.25,0.595067508,2992.32,5934.768,1,1,2,0,8,3
Upper West,Wa East,Northern_Zone,10.367,-2.038,249.36,Spreading,810,12,23.8,9.5,Field,Flat land,Sandy loam,1,0,0,0,0,1,0,0,"(10.367, -2.038)",2,0,0,0,1.983,444.881,0.792,1,1,67.5,0.399,285.6,0,0,0,2,1.25,2.479166667,6797.28,1.25,0.595067508,2992.32,5934.768,1,1,2,0,8,3
Upper West,Wa East,Northern_Zone,10.367,-2.034,255.49,Drooping,590,12,19.1,7,Field,Flat land,Loam,1,1,0,0,0,1,0,0,"(10.367, -2.034)",1,0,0,0,1.592,286.521,0.583,1,2,49.17,0.366,229.2,0,0,0,2,1.690140845,2.690140845,4377.72,1.690140845,0.612565296,3065.88,4879.859,2,1,0,0,2,3
Upper West,Wa East,Northern_Zone,10.367,-2.038,243.66,Drooping,770,12,21.6,8.3,Field,Flat land,Sandy loam,1,0,0,0,0,1,0,0,"(10.367, -2.038)",1,0,0,0,1.8,366.435,0.692,1,1,64.17,0.384,259.2,0,0,0,1,1.428571429,2.571428571,5598.72,1.428571429,0.578797134,2923.92,5263.056,1,1,0,0,8,3
Upper West,Wa East,Northern_Zone,10.367,-2.038,243.66,Drooping,770,12,21.6,8.3,Field,Flat land,Sandy loam,1,0,0,0,0,1,0,0,"(10.367, -2.038)",2,0,0,0,1.983,444.881,0.792,1,1,67.5,0.399,285.6,0,0,0,2,1.428571429,2.571428571,5598.72,1.428571429,0.578797134,2923.92,5263.056,1,1,0,0,8,3
Upper West,Wa West,Northern_Zone,10.359,-2.237,319.45,Drooping,"1,365",15,27.75,14.4,"Backyard, kitchen or home garden (urban, peri-urban or rural)",Flat land,Sand,1,1,1,1,1,1,0,1,"(10.359, -2.237)",1,0,1,1,1.85,604.806,0.96,2,3,91,0.519,416.25,1,1,1,2,1.034482759,1.913793103,11550.9375,1.034482759,0.795136015,4791.75,8864.7375,5,1,0,0,4,0
Upper West,Wa West,Northern_Zone,10.358,-2.237,324.68,Spreading,"1,210",12,25.7,12,"Backyard, kitchen or home garden (urban, peri-urban or rural)",Flat land,Sand,1,1,1,1,1,1,0,1,"(10.358, -2.237)",0,0,1,1,2.142,518.748,1,2,3,100.83,0.467,308.4,1,0,1,2,0.991735537,2.123966942,7925.88,0.991735537,0.810064796,3896.16,8344.276,5,1,2,0,4,0
Volta,North Tongu,Southern_Zone,6.148,0.224,59.26,Spreading,"3,000",28,17,3,Fallow land,Flat land,Clay loam,1,1,0,0,0,1,1,0,"(6.148, 0.224)",2,0,0,0,0.727,201.062,0.182,1,2,181.82,0.25,352,2,1,0,2,9.032258065,5.483870968,8092,9.032258065,0.052436274,1659.28,1007.42,2,2,2,0,1,2
Volta,North Tongu,Southern_Zone,6.148,0.224,59.26,Spreading,"3,000",28,17,3,Fallow land,Flat land,Clay loam,1,1,0,0,0,1,1,0,"(6.148, 0.224)",2,0,0,0,0.526,78.54,0.158,1,2,157.89,0.3,190,2,1,0,2,9.032258065,5.483870968,8092,9.032258065,0.052436274,1659.28,1007.42,2,2,2,0,1,2
Volta,North Tongu,Southern_Zone,6.148,0.224,59.26,Spreading,"3,000",28,17,3,Fallow land,Flat land,Clay loam,1,1,0,0,0,1,1,0,"(6.148, 0.224)",2,0,0,0,0.607,226.98,0.107,1,2,107.14,0.176,476,2,2,0,2,9.032258065,5.483870968,8092,9.032258065,0.052436274,1659.28,1007.42,2,2,2,0,1,2
Volta,North Tongu,Southern_Zone,6.235,0.174,113.28,Spreading,"6,000",25,18,6,Field,Wet land,Clay loam,1,1,0,0,0,1,1,0,"(6.235, 0.174)",1,1,1,1,0.545,113.097,0.136,2,3,136.36,0.25,264,2,1,2,0,4.098360656,2.950819672,8100,4.098360656,0.206633745,2832,2039.04,2,2,2,6,1,3
Volta,North Tongu,Southern_Zone,6.235,0.174,113.28,Spreading,"6,000",25,18,6,Field,Wet land,Clay loam,1,1,0,0,0,1,1,0,"(6.235, 0.174)",1,0,0,0,0.72,254.469,0.24,1,2,240,0.333,450,2,2,0,2,4.098360656,2.950819672,8100,4.098360656,0.206633745,2832,2039.04,2,2,2,6,1,3
Volta,North Tongu,Southern_Zone,6.235,0.174,110.85,Erect,"3,000",22,12,3,Field,Wet land,Sandy loam,1,1,1,0,0,1,1,1,"(6.235, 0.174)",1,1,1,1,0.545,113.097,0.136,2,3,136.36,0.25,264,2,1,2,0,7.096774194,3.870967742,3168,7.096774194,0.199697428,2438.7,1330.2,3,2,1,6,8,3
Volta,North Tongu,Southern_Zone,6.235,0.174,110.85,Erect,"3,000",22,12,3,Field,Wet land,Sandy loam,1,1,1,0,0,1,1,1,"(6.235, 0.174)",1,0,0,0,0.72,254.469,0.24,1,2,240,0.333,450,2,2,0,2,7.096774194,3.870967742,3168,7.096774194,0.199697428,2438.7,1330.2,3,2,1,6,8,3
Volta,North Tongu,Southern_Zone,6.231,0.18,104.48,Spreading,"7,000",28,19,7,Field,Flat land,Silt loam,1,1,0,0,0,1,1,0,"(6.231, 0.18)",1,1,0,0,0.679,283.529,0.25,1,2,250,0.368,532,2,2,1,0,3.943661972,2.676056338,10108,3.943661972,0.181514572,2925.44,1985.12,2,2,2,0,10,3
Volta,North Tongu,Southern_Zone,6.232,0.186,97.71,Erect,"8,000",31,18,8,Field,Flat land,Clay loam,1,1,0,0,0,1,1,1,"(6.232, 0.186)",1,1,1,0,0.581,254.469,0.258,2,2,258.06,0.444,558,2,2,2,0,3.827160494,2.222222222,10044,3.827160494,0.162189935,3029.01,1758.78,2,2,1,0,1,3
Volta,North Tongu,Southern_Zone,6.234,0.185,104.13,Erect,"2,500",23,16,2.5,Field,Flat land,Silt loam,1,1,0,0,0,1,1,0,"(6.234, 0.185)",1,0,0,0,0.696,201.062,0.109,1,2,108.7,0.156,368,1,1,0,2,8.846153846,6.153846154,5888,8.846153846,0.180515514,2394.99,1666.08,2,2,1,0,10,3
Volta,North Tongu,Southern_Zone,6.227,0.184,85.79,Spreading,"3,000",23,12,3,Fallow land,Flat land,Sandy loam,1,1,0,0,0,1,0,0,"(6.227, 0.184)",,,,,,,,,,,,,,,,,7.419354839,3.870967742,3312,7.419354839,0.128164873,1973.17,1029.48,2,2,2,0,8,2
Volta,North Tongu,Southern_Zone,6.227,0.183,88.98,Erect,"9,000",38,24,9,Other,Flat land,Sandy loam,1,1,0,0,0,1,0,0,"(6.227, 0.183)",2,0,0,0,0.522,113.097,0.13,1,2,130.43,0.25,276,2,1,0,2,4.175824176,2.637362637,21888,4.175824176,0.137270573,3381.24,2135.52,2,2,1,0,8,5
Volta,North Tongu,Southern_Zone,6.227,0.183,88.98,Erect,"9,000",38,24,9,Other,Flat land,Sandy loam,1,1,0,0,0,1,0,0,"(6.227, 0.183)",2,0,0,0,0.632,452.389,0.237,1,2,236.84,0.375,912,2,2,0,2,4.175824176,2.637362637,21888,4.175824176,0.137270573,3381.24,2135.52,2,2,1,0,8,5
Volta,North Tongu,Southern_Zone,6.227,0.183,109.23,Spreading,"8,000",34,22,8,Fallow land,Flat land,Sandy loam,1,1,0,0,0,1,1,0,"(6.227, 0.183)",2,0,0,0,0.522,113.097,0.13,1,2,130.43,0.25,276,2,1,0,2,4.197530864,2.716049383,16456,4.197530864,0.195073217,3713.82,2403.06,2,2,2,0,8,2
Volta,North Tongu,Southern_Zone,6.227,0.183,109.23,Spreading,"8,000",34,22,8,Fallow land,Flat land,Sandy loam,1,1,0,0,0,1,1,0,"(6.227, 0.183)",2,0,0,0,0.632,452.389,0.237,1,2,236.84,0.375,912,2,2,0,2,4.197530864,2.716049383,16456,4.197530864,0.195073217,3713.82,2403.06,2,2,2,0,8,2
Volta,North Tongu,Southern_Zone,6.213,0.193,113.3,Erect,"8,000",32,19,8,Field,Flat land,Silt loam,1,1,0,0,0,1,1,0,"(6.213, 0.193)",2,0,0,0,0.594,283.529,0.25,1,2,250,0.421,608,2,2,0,2,3.950617284,2.345679012,11552,3.950617284,0.206690834,3625.6,2152.7,2,2,1,0,10,3
Volta,North Tongu,Southern_Zone,6.213,0.193,99.96,Erect,"7,500",31,20,7.5,Field,Flat land,Sandy loam,1,1,0,0,0,1,0,0,"(6.213, 0.193)",2,0,0,0,0.594,283.529,0.25,1,2,250,0.421,608,2,2,0,2,4.078947368,2.631578947,12400,4.078947368,0.168612451,3098.76,1999.2,2,2,1,0,8,3
Volta,North Tongu,Southern_Zone,6.185,0.206,72.94,Erect,"4,000",23,12,4,Field,Wet land,Clay loam,1,1,0,0,0,1,0,0,"(6.185, 0.206)",1,0,0,0,0.522,113.097,0.174,1,2,173.91,0.333,276,2,1,0,2,5.609756098,2.926829268,3312,5.609756098,0.091485171,1677.62,875.28,2,2,1,6,1,3
Volta,North Tongu,Southern_Zone,6.149,0.225,73.06,Spreading,"2,000",15,13,2,Field,Flat land,Sandy loam,1,1,0,0,0,1,0,0,"(6.149, 0.225)",2,0,0,0,0.867,132.732,0.133,1,2,133.33,0.154,195,1,1,0,2,7.142857143,6.19047619,2535,7.142857143,0.091827705,1095.9,949.78,2,2,2,0,8,3
Volta,North Tongu,Southern_Zone,6.149,0.225,50.37,Erect,"3,000",36,14,3,Field,Flat land,Sandy loam,1,1,0,0,0,1,0,0,"(6.149, 0.225)",2,0,0,0,0.867,132.732,0.133,1,2,133.33,0.154,195,1,1,0,2,11.61290323,4.516129032,7056,11.61290323,0.0270602,1813.32,705.18,2,2,1,0,8,3
Volta,North Tongu,Southern_Zone,6.147,0.224,52.87,Erect,"6,000",32,19,6,Field,Flat land,Clay loam,1,1,0,0,0,1,0,0,"(6.147, 0.224)",1,0,0,0,0.594,283.529,0.187,1,2,187.5,0.316,608,2,2,0,2,5.245901639,3.114754098,11552,5.245901639,0.034196329,1691.84,1004.53,2,2,1,0,1,3
Volta,North Tongu,Southern_Zone,6.148,0.224,59.28,Spreading,"4,000",22,16,4,Fallow land,Flat land,Clay loam,1,1,0,0,0,1,1,0,"(6.148, 0.224)",2,0,0,0,0.727,201.062,0.182,1,2,181.82,0.25,352,2,1,0,2,5.365853659,3.902439024,5632,5.365853659,0.052493363,1304.16,948.48,2,2,2,0,1,2
Volta,North Tongu,Southern_Zone,6.148,0.224,59.28,Spreading,"4,000",22,16,4,Fallow land,Flat land,Clay loam,1,1,0,0,0,1,1,0,"(6.148, 0.224)",2,0,0,0,0.526,78.54,0.158,1,2,157.89,0.3,190,2,1,0,2,5.365853659,3.902439024,5632,5.365853659,0.052493363,1304.16,948.48,2,2,2,0,1,2
Volta,North Tongu,Southern_Zone,6.148,0.224,59.28,Spreading,"4,000",22,16,4,Fallow land,Flat land,Clay loam,1,1,0,0,0,1,1,0,"(6.148, 0.224)",2,0,0,0,0.607,226.98,0.107,1,2,107.14,0.176,476,2,2,0,2,5.365853659,3.902439024,5632,5.365853659,0.052493363,1304.16,948.48,2,2,2,0,1,2
Volta,South Tongu,Southern_Zone,6.5,0.715,111.14,Erect,"3,000",31,14,3,Fallow land,Flat land,Sand,1,1,1,0,0,1,0,0,"(6.5, 0.715)",2,1,1,1,0.409,63.617,0.091,2,3,90.91,0.222,198,1,1,2,0,10,4.516129032,6076,10,0.200525219,3445.34,1555.96,3,2,1,0,4,2
Volta,South Tongu,Southern_Zone,6.5,0.715,111.14,Erect,"3,000",31,14,3,Fallow land,Flat land,Sand,1,1,1,0,0,1,0,0,"(6.5, 0.715)",2,1,0,1,0.452,153.938,0.097,1,3,96.77,0.214,434,2,2,1,0,10,4.516129032,6076,10,0.200525219,3445.34,1555.96,3,2,1,0,4,2
Volta,South Tongu,Southern_Zone,6.606,0.454,230.87,Erect,"4,000",27,15,4,"Backyard, kitchen or home garden (urban, peri-urban or rural)",Hilly,Sand,1,1,1,0,1,1,1,1,"(6.606, 0.454)",2,0,1,1,0.556,176.715,0.148,2,3,148.15,0.267,405,2,2,1,1,6.585365854,3.658536585,6075,6.585365854,0.542288699,6233.49,3463.05,4,2,1,1,4,0
Volta,South Tongu,Southern_Zone,6.606,0.454,230.87,Erect,"4,000",27,15,4,"Backyard, kitchen or home garden (urban, peri-urban or rural)",Hilly,Sand,1,1,1,0,1,1,1,1,"(6.606, 0.454)",2,0,1,1,0.613,283.529,0.194,2,3,193.55,0.316,589,2,2,1,2,6.585365854,3.658536585,6075,6.585365854,0.542288699,6233.49,3463.05,4,2,1,1,4,0
Volta,South Tongu,Southern_Zone,6.606,0.454,227.63,Erect,"6,000",31,19,6,Orchard,Hilly,Sand,1,1,1,0,1,1,1,1,"(6.606, 0.454)",2,0,1,1,0.556,176.715,0.148,2,3,148.15,0.267,405,2,2,1,1,5.081967213,3.114754098,11191,5.081967213,0.533040276,7056.53,4324.97,4,2,1,1,4,4
Volta,South Tongu,Southern_Zone,6.606,0.454,227.63,Erect,"6,000",31,19,6,Orchard,Hilly,Sand,1,1,1,0,1,1,1,1,"(6.606, 0.454)",2,0,1,1,0.613,283.529,0.194,2,3,193.55,0.316,589,2,2,1,2,5.081967213,3.114754098,11191,5.081967213,0.533040276,7056.53,4324.97,4,2,1,1,4,4
Volta,South Tongu,Southern_Zone,6.577,0.419,192.45,Erect,"3,000",25,18,3,"Backyard, kitchen or home garden (urban, peri-urban or rural)",Hilly,Sandy loam,1,0,0,0,0,1,0,0,"(6.577, 0.419)",,,,,,,,,,,,,,,,,8.064516129,5.806451613,8100,8.064516129,0.432620672,4811.25,3464.1,1,2,1,1,8,0
Volta,South Tongu,Southern_Zone,6.509,0.249,159.14,Spreading,"10,000",38,17,10,Fallow land,Wet land,Clay loam,1,1,0,0,0,1,1,0,"(6.509, 0.249)",1,0,0,0,0.447,226.98,0.263,1,2,263.16,0.588,646,2,2,0,2,3.762376238,1.683168317,10982,3.762376238,0.337538892,6047.32,2705.38,2,2,2,6,1,2
Volta,South Tongu,Southern_Zone,6.45,0.212,132.74,Spreading,"3,000",23,16,3,Fallow land,Flat land,Sandy loam,1,1,0,0,0,1,1,0,"(6.45, 0.212)",2,0,0,0,0.696,201.062,0.13,1,2,130.43,0.188,368,2,1,0,2,7.419354839,5.161290323,5888,7.419354839,0.262181372,3053.02,2123.84,2,2,2,0,8,2
Volta,South Tongu,Southern_Zone,6.499,0.722,115,Erect,"8,000",31,13,8,Other,Flat land,Sand,1,1,0,0,0,1,0,0,"(6.499, 0.722)",2,0,0,0,0.419,132.732,0.258,1,2,258.06,0.615,403,2,2,0,2,3.827160494,1.604938272,5239,3.827160494,0.211543402,3565,1495,2,2,1,0,4,5
Volta,South Tongu,Southern_Zone,6.563,0.622,152.19,Erect,"9,000",32,15,9,Fallow land,Flat land,Sandy loam,1,1,0,0,0,1,1,0,"(6.563, 0.622)",1,0,0,0,0.545,113.097,0.136,1,1,136.36,0.25,264,2,1,0,2,3.516483516,1.648351648,7200,3.516483516,0.317700454,4870.08,2282.85,2,2,1,0,8,2
Volta,South Tongu,Southern_Zone,6.563,0.622,152.19,Erect,"9,000",32,15,9,Fallow land,Flat land,Sandy loam,1,1,0,0,0,1,1,0,"(6.563, 0.622)",1,0,0,0,0.667,201.062,0.167,0,2,166.67,0.25,384,2,1,0,2,3.516483516,1.648351648,7200,3.516483516,0.317700454,4870.08,2282.85,2,2,1,0,8,2
Volta,South Tongu,Southern_Zone,6.563,0.622,152.19,Erect,"9,000",32,15,9,Fallow land,Flat land,Sandy loam,1,1,0,0,0,1,1,0,"(6.563, 0.622)",2,0,0,0,0.469,176.715,0.281,1,2,281.25,0.6,480,2,2,0,2,3.516483516,1.648351648,7200,3.516483516,0.317700454,4870.08,2282.85,2,2,1,0,8,2
Volta,South Tongu,Southern_Zone,6.563,0.623,143.3,Erect,"3,000",27,14,3,Fallow land,Flat land,Sandy loam,1,1,0,0,0,1,1,0,"(6.563, 0.623)",2,0,0,0,0.519,153.938,0.111,1,2,111.11,0.214,378,2,2,0,2,8.709677419,4.516129032,5292,8.709677419,0.29232438,3869.1,2006.2,2,2,1,0,8,2
Volta,South Tongu,Southern_Zone,6.563,0.623,143.3,Erect,"3,000",27,14,3,Fallow land,Flat land,Sandy loam,1,1,0,0,0,1,1,0,"(6.563, 0.623)",1,0,0,0,0.5,153.938,0.214,1,2,214.29,0.429,392,2,2,0,2,8.709677419,4.516129032,5292,8.709677419,0.29232438,3869.1,2006.2,2,2,1,0,8,2
Volta,South Tongu,Southern_Zone,6.243,0.895,75.26,Erect,"5,000",32,13,5,Other,Flat land,Sandy loam,1,0,0,0,0,1,1,0,"(6.243, 0.895)",2,0,0,0,0.406,132.732,0.156,1,1,156.25,0.385,416,2,2,0,2,6.274509804,2.549019608,5408,6.274509804,0.098107499,2408.32,978.38,1,2,1,0,8,5
Volta,South Tongu,Southern_Zone,6.268,0.893,135.13,Spreading,"3,000",27,12,3,Unknown,Flat land,Clay loam,1,1,0,0,0,1,1,0,"(6.268, 0.893)",1,0,0,0,0.444,113.097,0.111,1,2,111.11,0.25,324,2,2,0,2,8.709677419,3.870967742,3888,8.709677419,0.269003511,3648.51,1621.56,2,2,2,0,1,7
Volta,South Tongu,Southern_Zone,6.38,0.844,138.99,Erect,"3,000",32,14,3,Other,Flat land,Sand,1,1,0,0,0,1,1,0,"(6.38, 0.844)",2,0,0,0,0.437,153.938,0.094,1,2,93.75,0.214,448,2,2,0,0,10.32258065,4.516129032,6272,10.32258065,0.280021694,4447.68,1945.86,2,2,1,0,4,5
Volta,South Tongu,Southern_Zone,6.409,0.768,115.24,Erect,"8,000",36,12,8,"Backyard, kitchen or home garden (urban, peri-urban or rural)",Flat land,Sand,1,1,0,0,0,1,1,1,"(6.409, 0.768)",,,,,,,,,,,,,,,,,4.444444444,1.481481481,5184,4.444444444,0.21222847,4148.64,1382.88,2,2,1,0,4,0
Volta,South Tongu,Southern_Zone,6.563,0.623,142.51,Erect,"6,000",28,14,6,Fallow land,Flat land,Sandy loam,1,1,0,0,0,1,1,0,"(6.563, 0.623)",2,0,0,0,0.519,153.938,0.111,1,2,111.11,0.214,378,2,2,0,2,4.590163934,2.295081967,5488,4.590163934,0.290069363,3990.28,1995.14,2,2,1,0,8,2
Volta,South Tongu,Southern_Zone,6.563,0.623,142.51,Erect,"6,000",28,14,6,Fallow land,Flat land,Sandy loam,1,1,0,0,0,1,1,0,"(6.563, 0.623)",1,0,0,0,0.5,153.938,0.214,1,2,214.29,0.429,392,2,2,0,2,4.590163934,2.295081967,5488,4.590163934,0.290069363,3990.28,1995.14,2,2,1,0,8,2
Volta,South Tongu,Southern_Zone,6.563,0.622,142.52,Spreading,"4,000",24,16,4,Fallow land,Flat land,Sandy loam,1,1,0,0,0,0,1,0,"(6.563, 0.622)",1,0,0,0,0.545,113.097,0.136,1,1,136.36,0.25,264,2,1,0,2,5.853658537,3.902439024,6144,5.853658537,0.290097908,3420.48,2280.32,2,2,2,0,8,2
Volta,South Tongu,Southern_Zone,6.563,0.622,142.52,Spreading,"4,000",24,16,4,Fallow land,Flat land,Sandy loam,1,1,0,0,0,0,1,0,"(6.563, 0.622)",1,0,0,0,0.667,201.062,0.167,0,2,166.67,0.25,384,2,1,0,2,5.853658537,3.902439024,6144,5.853658537,0.290097908,3420.48,2280.32,2,2,2,0,8,2
Volta,South Tongu,Southern_Zone,6.563,0.622,142.52,Spreading,"4,000",24,16,4,Fallow land,Flat land,Sandy loam,1,1,0,0,0,0,1,0,"(6.563, 0.622)",2,0,0,0,0.469,176.715,0.281,1,2,281.25,0.6,480,2,2,0,2,5.853658537,3.902439024,6144,5.853658537,0.290097908,3420.48,2280.32,2,2,2,0,8,2
Volta,South Tongu,Southern_Zone,6.563,0.622,142.24,Spreading,"3,000",22,12,3,Fallow land,Flat land,Sandy loam,1,0,0,0,0,1,0,0,"(6.563, 0.622)",1,0,0,0,0.545,113.097,0.136,1,1,136.36,0.25,264,2,1,0,2,7.096774194,3.870967742,3168,7.096774194,0.289298661,3129.28,1706.88,1,2,2,0,8,2
Volta,South Tongu,Southern_Zone,6.563,0.622,142.24,Spreading,"3,000",22,12,3,Fallow land,Flat land,Sandy loam,1,0,0,0,0,1,0,0,"(6.563, 0.622)",1,0,0,0,0.667,201.062,0.167,0,2,166.67,0.25,384,2,1,0,2,7.096774194,3.870967742,3168,7.096774194,0.289298661,3129.28,1706.88,1,2,2,0,8,2
Volta,South Tongu,Southern_Zone,6.563,0.622,142.24,Spreading,"3,000",22,12,3,Fallow land,Flat land,Sandy loam,1,0,0,0,0,1,0,0,"(6.563, 0.622)",2,0,0,0,0.469,176.715,0.281,1,2,281.25,0.6,480,2,2,0,2,7.096774194,3.870967742,3168,7.096774194,0.289298661,3129.28,1706.88,1,2,2,0,8,2
Volta,South Tongu,Southern_Zone,6.529,0.714,94.16,Erect,"8,000",32,12,8,Orchard,Flat land,Sandy loam,1,1,0,0,0,1,1,1,"(6.529, 0.714)",1,0,1,0,0.375,113.097,0.25,2,2,250,0.667,384,2,2,1,2,3.950617284,1.481481481,4608,3.950617284,0.152056632,3013.12,1129.92,2,2,1,0,8,4
Volta,South Tongu,Southern_Zone,6.52,0.716,97.29,Erect,"6,000",32,14,6,Fallow land,Flat land,Sandy loam,1,1,0,0,0,1,1,0,"(6.52, 0.716)",2,0,0,0,0.437,153.938,0.187,1,2,187.5,0.429,448,2,2,0,2,5.245901639,2.295081967,6272,5.245901639,0.160991066,3113.28,1362.06,2,2,1,0,8,2
Volta,South Tongu,Southern_Zone,6.519,0.716,96.6,Erect,"5,000",30,13,5,Fallow land,Flat land,Sandy loam,1,1,0,0,0,1,0,0,"(6.519, 0.716)",,,,,,,,,,,,,,,,,5.882352941,2.549019608,5070,5.882352941,0.159021494,2898,1255.8,2,2,1,0,8,2
Volta,South Tongu,Southern_Zone,6.519,0.714,107.38,Erect,"7,000",28,12,7,Fallow land,Flat land,Sandy loam,1,1,0,0,0,1,0,0,"(6.519, 0.714)",2,0,0,0,0.429,113.097,0.25,1,2,250,0.583,336,2,2,0,2,3.943661972,1.690140845,4032,3.943661972,0.189792481,3006.64,1288.56,2,2,1,0,8,2
Volta,South Tongu,Southern_Zone,6.511,0.717,100.82,Erect,"4,000",27,18,4,Other,Flat land,Sandy loam,1,1,0,0,0,1,0,0,"(6.511, 0.717)",2,0,0,0,0.667,254.469,0.148,1,2,148.15,0.222,486,2,2,0,2,6.585365854,4.390243902,8748,6.585365854,0.171067279,2722.14,1814.76,2,2,1,0,8,5
Volta,South Tongu,Southern_Zone,6.448,0.724,115.47,Erect,"3,000",19,11,3,Fallow land,Wet land,Sand,1,1,0,0,0,1,1,0,"(6.448, 0.724)",1,1,0,0,0.579,95.033,0.158,1,2,157.89,0.273,209,2,1,1,2,6.129032258,3.548387097,2299,6.129032258,0.212884994,2193.93,1270.17,2,2,1,6,4,2
Volta,South Tongu,Southern_Zone,6.5,0.715,104.14,Erect,"2,000",22,9,2,Other,Flat land,Sandy loam,1,1,1,0,0,1,1,1,"(6.5, 0.715)",2,1,1,1,0.409,63.617,0.091,2,3,90.91,0.222,198,1,1,2,0,10.47619048,4.285714286,1782,10.47619048,0.180544058,2291.08,937.26,3,2,1,0,8,5
Volta,South Tongu,Southern_Zone,6.5,0.715,104.14,Erect,"2,000",22,9,2,Other,Flat land,Sandy loam,1,1,1,0,0,1,1,1,"(6.5, 0.715)",2,1,0,1,0.452,153.938,0.097,1,3,96.77,0.214,434,2,2,1,0,10.47619048,4.285714286,1782,10.47619048,0.180544058,2291.08,937.26,3,2,1,0,8,5
Volta,South Tongu,Southern_Zone,6.5,0.716,106.27,Erect,"4,000",28,11,4,Fallow land,Flat land,Sand,1,1,1,0,0,1,0,1,"(6.5, 0.716)",2,0,1,1,0.393,95.033,0.143,2,3,142.86,0.364,308,2,2,1,0,6.829268293,2.682926829,3388,6.829268293,0.18662404,2975.56,1168.97,3,2,1,0,4,2
Ahafo,District_3,Northern_Zone,10.235,-0.204,167.3,Drooping,"3,723.47",20.803,18.029,5.575,Parkland,Hilly,Clay loam,1,1,0,1,0,1,1,1,"(10.235, -0.204)",,,,,,,,,,,,,,,,,3.665726872,3.1769163,6761.907827,3.665726872,0.360831216,3480.3419,3016.2517,3,1,0,1,1,6
Ahafo,District_11,Middle_Zone,9.208,-2.097,122.844,Erect,"4,072.74",28.524,12.376,7.386,Woodlot,Flat land,Sandy loam,1,1,0,0,0,1,1,1,"(9.208, -2.097)",,,,,,,,,,,,,,,,,3.810312583,1.653219343,4368.889185,3.810312583,0.23393372,3504.002256,1520.317344,2,0,1,0,8,8
Ahafo,District_3,Southern_Zone,8.372,-0.088,288.545,Spreading,"4,367.35",23.503,13.108,7.565,"Backyard, kitchen or home garden (urban, peri-urban or rural)",Valley,Loamy sand,1,1,0,0,0,1,0,1,"(8.372, -0.088)",,,,,,,,,,,,,,,,,3.066275277,1.710110894,4038.277563,3.066275277,0.70691919,6781.673135,3782.24786,2,2,2,5,3,0
Ahafo,District_11,Northern_Zone,10.211,0.982,146.568,Drooping,"4,372.34",20.369,21.22,7.573,Parkland,Undulating,Silty loam,1,1,0,0,0,1,1,1,"(10.211, 0.982)",,,,,,,,,,,,,,,,,2.654633129,2.765541509,9171.92442,2.654633129,0.301652727,2985.443592,3110.17296,2,1,0,4,12,6
Ashanti,District_9,Northern_Zone,6.458,-0.532,296.492,Drooping,"4,152.45",22.631,14.992,6.423,Parkland,Valley,Loamy sand,1,1,0,0,0,1,0,1,"(6.458, -0.532)",,,,,,,,,,,,,,,,,3.469415913,2.29832899,5086.545008,3.469415913,0.729603517,6709.910452,4445.008064,2,1,0,5,3,6
Ashanti,District_1,Middle_Zone,9.52,-0.404,172.864,Erect,"3,453.53",16.743,19.57,4.176,Woodlot,Undulating,Silty loam,0,1,1,1,0,1,0,1,"(9.52, -0.404)",,,,,,,,,,,,,,,,,3.915575304,4.576707203,6412.316181,3.915575304,0.376713385,2894.261952,3382.94848,3,0,1,4,12,8
Ashanti,District_9,Southern_Zone,9.673,-1.954,171.264,Spreading,"4,546.13",24.563,19.613,4.819,"Backyard, kitchen or home garden (urban, peri-urban or rural)",Plateau,Sandy,0,1,0,1,1,1,0,1,"(9.673, -1.954)",,,,,,,,,,,,,,,,,4.993494613,3.987192519,9448.643536,4.993494613,0.372146262,4206.757632,3359.000832,3,2,2,2,5,0
Bono,District_2,Middle_Zone,8.661,-1.707,126.031,Erect,"3,280.40",29.013,14.918,4.219,Cropland,Undulating,Sandy clay loam,1,1,1,0,0,1,0,1,"(8.661, -1.707)",,,,,,,,,,,,,,,,,6.717527205,3.454040287,6456.748103,6.717527205,0.243030857,3656.537403,1880.130458,3,0,1,4,7,1
Bono,District_10,Southern_Zone,10.723,0.298,283.034,Spreading,"3,374.22",24.364,19.914,7.231,Fallow land,Plateau,Sandy clay,1,1,1,0,0,1,1,1,"(10.723, 0.298)",,,,,,,,,,,,,,,,,3.323421089,2.716409767,9661.968036,3.323421089,0.691188308,6895.840376,5636.339076,3,2,2,2,6,2
Bono,District_2,Northern_Zone,8.637,-2.96,103.152,Drooping,"4,171.80",27.478,16.209,4.863,Unknown,Hilly,Silty clay,1,0,1,0,1,1,1,1,"(8.637, -2.96)",,,,,,,,,,,,,,,,,5.536570623,3.265968164,7219.341131,5.536570623,0.17772386,2834.410656,1671.990768,3,1,0,1,11,7
Bono,District_10,Middle_Zone,9.899,0.682,259.889,Erect,"4,965.63",18.123,20.734,6.077,Cropland,Flat land,Clay,0,1,0,0,0,1,0,1,"(9.899, 0.682)",,,,,,,,,,,,,,,,,2.933948519,3.356645621,7791.055155,2.933948519,0.625122028,4709.968347,5388.538526,1,0,1,0,0,1
Bono East,District_7,Southern_Zone,7.049,-1.572,341.459,Spreading,"3,803.12",13.993,11.924,5.515,Fallow land,Undulating,Silty loam,1,1,0,0,0,0,1,1,"(7.049, -1.572)",,,,,,,,,,,,,,,,,2.4920748,2.123597507,1989.549592,2.4920748,0.857959638,4778.035787,4071.557116,2,2,2,4,12,2
Bono East,District_15,Northern_Zone,10.924,0.38,352.363,Drooping,"3,388.10",22.535,9.657,4.595,Cropland,Plateau,Sandy,1,1,0,0,1,0,1,0,"(10.924, 0.38)",,,,,,,,,,,,,,,,,4.799787007,2.05686901,2101.56112,4.799787007,0.889084577,7940.500205,3402.769491,3,1,0,2,5,1
Bono East,District_7,Middle_Zone,7.535,0.131,150.928,Erect,"2,448.89",14.786,8.826,5.822,Woodlot,Hilly,Clay loam,1,1,0,0,0,0,0,1,"(7.535, 0.131)",,,,,,,,,,,,,,,,,2.496791624,1.490374873,1151.803909,2.496791624,0.314098136,2231.621408,1332.090528,2,0,1,1,1,8
Bono East,District_15,Southern_Zone,6.878,-0.394,275.496,Spreading,"2,309.16",23.072,10.941,4.091,Fallow land,Flat land,Sandy loam,1,1,1,0,0,0,1,0,"(6.878, -0.394)",,,,,,,,,,,,,,,,,5.505130041,2.61059413,2761.844858,5.505130041,0.669671453,6356.243712,3014.201736,3,2,2,0,8,2
Bono East,District_7,Northern_Zone,8.652,-0.897,361.794,Drooping,"2,669.78",22.47,14.35,5.454,Cropland,Valley,Loamy sand,0,1,1,0,1,0,0,0,"(8.652, -0.897)",,,,,,,,,,,,,,,,,4.045732805,2.583723443,4627.078575,4.045732805,0.91600491,8129.51118,5191.7439,3,1,0,5,3,1
Bono East,District_15,Middle_Zone,9.947,0.456,60.378,Erect,"2,739.55",18.36,17.604,2.116,Woodlot,Undulating,Silty loam,1,1,0,0,1,0,0,1,"(9.947, 0.456)",,,,,,,,,,,,,,,,,8.285198556,7.944043321,5689.778982,8.285198556,0.055627551,1108.54008,1062.894312,3,0,1,4,12,8
Bono East,District_7,Southern_Zone,6.918,0.886,294.96,Spreading,"3,710.21",16.766,19.064,2.511,Fallow land,Plateau,Sandy,1,1,0,0,0,0,1,1,"(6.918, 0.886)",,,,,,,,,,,,,,,,,6.421294523,7.301417082,6093.369586,6.421294523,0.725230497,4945.29936,5623.11744,2,2,2,2,5,2
Central,District_5,Middle_Zone,8.049,-1,148.469,Erect,"4,554.42",24.849,13.038,6.544,Woodlot,Plateau,Sandy,1,1,0,0,0,1,1,1,"(8.049, -1.0)",,,,,,,,,,,,,,,,,3.740066225,1.962372065,4224.067694,3.740066225,0.30707904,3689.306181,1935.738822,2,0,1,2,5,8
Central,District_13,Southern_Zone,6.66,-0.544,200.501,Spreading,"4,891.07",21.903,21.347,5.31,"Backyard, kitchen or home garden (urban, peri-urban or rural)",Hilly,Clay loam,1,1,1,0,0,1,1,1,"(6.66, -0.544)",,,,,,,,,,,,,,,,,4.048613678,3.945841035,9981.07464,4.048613678,0.455601861,4391.573403,4280.094847,3,2,2,1,1,0
Central,District_5,Northern_Zone,7.144,-1.517,187.946,Drooping,"3,886.19",18.066,17.19,7.078,Parkland,Flat land,Sandy loam,1,1,0,0,0,1,0,1,"(7.144, -1.517)",,,,,,,,,,,,,,,,,2.516857063,2.394817498,5338.432543,2.516857063,0.419764222,3395.432436,3230.79174,2,1,0,0,8,6
Eastern,District_6,Northern_Zone,10.169,0.885,157.458,Drooping,"3,989.35",22.099,20.549,3.366,Unknown,Flat land,Clay,1,1,0,0,1,1,1,1,"(10.169, 0.885)",,,,,,,,,,,,,,,,,6.37593768,5.928736295,9331.554701,6.37593768,0.332737704,3479.664342,3235.604442,3,1,0,0,0,7
Eastern,District_14,Middle_Zone,7.107,-2.497,244.249,Erect,"3,383.09",28.198,13.076,7.944,Cropland,Valley,Loam,1,1,1,0,0,1,1,1,"(7.107, -2.497)",,,,,,,,,,,,,,,,,3.505469915,1.625559423,4821.34412,3.505469915,0.580478406,6887.333302,3193.799924,3,0,1,5,2,1
Eastern,District_6,Southern_Zone,9.836,0.472,282.771,Spreading,"3,249.09",15.947,16.78,7.081,Fallow land,Undulating,Sandy clay loam,1,1,1,0,0,1,1,1,"(9.836, 0.472)",,,,,,,,,,,,,,,,,2.220721348,2.336721905,4490.171275,2.220721348,0.690437587,4509.349137,4744.89738,3,2,2,4,7,2
Greater Accra,District_7,Southern_Zone,9.339,-0.568,243.088,Spreading,"3,949.21",28.774,21.928,5.994,"Backyard, kitchen or home garden (urban, peri-urban or rural)",Undulating,Silty loam,1,1,0,1,1,1,1,1,"(9.339, -0.568)",,,,,,,,,,,,,,,,,4.721693469,3.598293403,13835.60913,4.721693469,0.577164388,6994.614112,5330.433664,4,2,2,4,12,0
Greater Accra,District_15,Northern_Zone,10.817,-0.989,147.519,Drooping,"3,820.62",17.446,19.791,7.639,Parkland,Plateau,Sandy,1,1,1,0,0,1,1,1,"(10.817, -0.989)",,,,,,,,,,,,,,,,,2.254296421,2.557307146,6833.313499,2.254296421,0.304367311,2573.616474,2919.548529,3,1,0,2,5,6
Greater Accra,District_7,Middle_Zone,8.545,-0.428,284.578,Erect,"4,715.58",20.784,18.13,3.405,Woodlot,Hilly,Clay loam,1,1,0,1,0,1,1,1,"(8.545, -0.428)",,,,,,,,,,,,,,,,,5.929814551,5.172610556,6831.63637,5.929814551,0.695595581,5914.669152,5159.39914,3,0,1,1,1,8
North East,District_6,Northern_Zone,8.319,-1.11,139.726,Drooping,"3,326.08",16.609,19.37,5.862,Unknown,Flat land,Clay,1,1,0,0,0,0,0,0,"(8.319, -1.11)",,,,,,,,,,,,,,,,,2.785810131,3.248909762,6231.645312,2.785810131,0.28212257,2320.709134,2706.49262,2,1,0,0,0,7
North East,District_14,Middle_Zone,8.913,-1.408,114.87,Erect,"3,300.83",22.732,18.832,5.364,"Backyard, kitchen or home garden (urban, peri-urban or rural)",Valley,Loam,1,0,0,0,0,0,0,1,"(8.913, -1.408)",,,,,,,,,,,,,,,,,4.160322108,3.446559297,8061.7725,4.160322108,0.211172323,2611.22484,2163.23184,1,0,1,5,2,0
North East,District_6,Southern_Zone,9.811,-2.35,334.95,Spreading,"4,424.65",22.525,18.177,3.393,Parkland,Undulating,Sandy clay loam,0,1,0,0,0,0,0,0,"(9.811, -2.35)",,,,,,,,,,,,,,,,,6.448611509,5.203836244,7442.334986,6.448611509,0.839380013,7544.74875,6088.38615,1,2,2,4,7,6
North East,District_14,Northern_Zone,10.502,-1.588,305.216,Drooping,"4,074.56",19.805,14.954,3.261,Unknown,Plateau,Sandy clay,1,0,1,0,0,0,1,0,"(10.502, -1.588)",,,,,,,,,,,,,,,,,5.892591491,4.44927105,4428.836007,5.892591491,0.754505752,6044.80288,4564.200064,2,1,0,2,6,7
North East,District_6,Middle_Zone,10.114,-2.063,344.797,Erect,"2,027.05",23.155,13.17,4.847,"Backyard, kitchen or home garden (urban, peri-urban or rural)",Hilly,Silty clay,1,1,1,0,1,0,0,0,"(10.114, -2.063)",,,,,,,,,,,,,,,,,4.680614514,2.662219527,4016.20928,4.680614514,0.867487797,7983.774535,4540.97649,4,0,1,1,11,0
North East,District_14,Southern_Zone,6.821,-0.824,59.357,Spreading,"4,119.07",19.145,12.067,5.782,Parkland,Flat land,Clay,1,0,0,0,0,0,1,0,"(6.821, -0.824)",,,,,,,,,,,,,,,,,3.254845291,2.051513091,2787.751102,3.254845291,0.052713156,1136.389765,716.260919,1,2,2,0,0,6
North East,District_6,Northern_Zone,10.584,-0.32,187.049,Drooping,"4,226.34",18.241,11.248,5.677,Unknown,Valley,Loam,1,1,0,0,0,0,0,0,"(10.584, -0.32)",,,,,,,,,,,,,,,,,3.157521205,1.947031331,2307.80579,3.157521205,0.417203779,3411.960809,2103.927152,2,1,0,5,2,7
Northern,District_2,Middle_Zone,8.343,0.451,82.526,Erect,"3,149.43",14.289,14.187,2.202,"Backyard, kitchen or home garden (urban, peri-urban or rural)",Undulating,Sandy clay loam,1,1,1,0,0,0,1,1,"(8.343, 0.451)",,,,,,,,,,,,,,,,,6.207211121,6.162901825,2875.960876,6.207211121,0.118847943,1179.214014,1170.796362,3,0,1,4,7,0
Northern,District_10,Southern_Zone,6.67,-1.573,363.382,Spreading,"3,037.07",22.997,14.656,3.35,Parkland,Plateau,Sandy clay,1,1,0,0,0,0,0,1,"(6.67, -1.573)",,,,,,,,,,,,,,,,,6.665797101,4.248115942,4939.717333,6.665797101,0.920537779,8356.695854,5325.726592,2,2,2,2,6,6
Northern,District_2,Northern_Zone,7.155,-1.104,97.44,Drooping,"3,218.16",23.209,18.274,5,Unknown,Hilly,Silty clay,0,1,1,0,0,0,0,1,"(7.155, -1.104)",,,,,,,,,,,,,,,,,4.550784314,3.583137255,7750.392015,4.550784314,0.161419233,2261.48496,1780.61856,2,1,0,1,11,7
Northern,District_10,Middle_Zone,8.549,-2.224,233.33,Erect,"3,076.43",23.686,17.167,5.056,"Backyard, kitchen or home garden (urban, peri-urban or rural)",Flat land,Clay,1,0,0,0,0,0,1,0,"(8.549, -2.224)",,,,,,,,,,,,,,,,,4.593871218,3.329519007,6980.403687,4.593871218,0.54931065,5526.65438,4005.57611,1,0,1,0,0,0
Northern,District_2,Southern_Zone,6.734,-2.311,104.878,Spreading,"2,316.38",12.451,12.551,5.894,Parkland,Valley,Loam,0,0,1,1,0,0,0,0,"(6.734, -2.311)",,,,,,,,,,,,,,,,,2.077243911,2.093927261,1961.37616,2.077243911,0.182650644,1305.835978,1316.323778,2,2,2,5,2,6
Northern,District_10,Northern_Zone,7.509,-1.251,325.887,Drooping,"4,294.96",20.063,12.13,2.598,Unknown,Undulating,Sandy clay loam,0,1,1,0,1,0,1,0,"(7.509, -1.251)",,,,,,,,,,,,,,,,,7.436249073,4.495922906,2952.007625,7.436249073,0.813510119,6538.270881,3953.00931,3,1,0,4,7,7
Northern,District_2,Middle_Zone,10.901,-2.195,383.781,Erect,"2,878.60",11.952,11.622,3.432,"Backyard, kitchen or home garden (urban, peri-urban or rural)",Plateau,Sandy clay,1,1,1,0,0,0,1,0,"(10.901, -2.195)",,,,,,,,,,,,,,,,,3.38391846,3.290486976,1614.367206,3.38391846,0.978765735,4586.950512,4460.302782,3,0,1,2,6,0
Northern,District_10,Southern_Zone,8.214,-0.188,109.344,Spreading,"4,165.94",21.566,12.748,2.931,Parkland,Hilly,Silty clay,1,1,0,0,0,0,0,0,"(8.214, -0.188)",,,,,,,,,,,,,,,,,7.115143517,4.205872649,3504.723095,7.115143517,0.195398624,2358.112704,1393.917312,2,2,2,1,11,6
Oti,District_8,Middle_Zone,7.825,-2.961,325.136,Erect,"2,550.43",15.876,13.436,4.046,"Backyard, kitchen or home garden (urban, peri-urban or rural)",Hilly,Silty clay,0,1,0,0,0,0,1,1,"(7.825, -2.961)",,,,,,,,,,,,,,,,,3.829232996,3.240713941,2866.0323,3.829232996,0.811366426,5161.859136,4368.527296,1,0,1,1,11,0
Oti,District_16,Southern_Zone,9.794,-1.505,321.437,Spreading,"2,054.52",22.814,16.872,2.232,Parkland,Flat land,Clay,1,1,1,0,0,0,1,1,"(9.794, -1.505)",,,,,,,,,,,,,,,,,9.783018868,7.234991424,6494.333257,9.783018868,0.80080781,7333.263718,5423.285064,3,2,2,0,0,6
Oti,District_8,Northern_Zone,6.543,0.785,294.143,Drooping,"4,418.89",19.57,10.473,4.769,Unknown,Valley,Loam,1,1,0,0,0,0,0,1,"(6.543, 0.785)",,,,,,,,,,,,,,,,,4.019305812,2.150955022,2146.510577,4.019305812,0.72289841,5756.37851,3080.559639,2,1,0,5,2,7
Oti,District_16,Middle_Zone,9.252,-1.018,41.565,Erect,"3,958.89",17.34,13.696,4.685,"Backyard, kitchen or home garden (urban, peri-urban or rural)",Undulating,Sandy clay loam,1,1,0,0,1,0,1,0,"(9.252, -1.018)",,,,,,,,,,,,,,,,,3.623824451,2.862277952,3252.644413,3.623824451,0.001926755,720.7371,569.27424,3,0,1,4,7,0
Oti,District_8,Southern_Zone,6.833,-1.57,304.162,Spreading,"4,852.42",24.875,15.499,5.229,Parkland,Plateau,Sandy clay,1,1,0,0,0,0,1,1,"(6.833, -1.57)",,,,,,,,,,,,,,,,,4.667855132,2.908425596,5975.44765,4.667855132,0.75149716,7566.02975,4714.206838,2,2,2,2,6,6
Oti,District_16,Northern_Zone,6.706,0.124,188.583,Drooping,"2,227.66",19.875,19.907,5.824,Unknown,Hilly,Silty clay,1,1,0,0,0,0,1,0,"(6.706, 0.124)",,,,,,,,,,,,,,,,,3.354996624,3.360398379,7876.236899,3.354996624,0.421582508,3748.087125,3754.121781,2,1,0,1,11,7
Oti,District_8,Middle_Zone,8.135,-0.333,304.901,Erect,"2,106.69",11.669,17.672,5.57,"Backyard, kitchen or home garden (urban, peri-urban or rural)",Flat land,Clay,0,1,1,0,0,0,1,0,"(8.135, -0.333)",,,,,,,,,,,,,,,,,2.058024691,3.11675485,3644.223846,2.058024691,0.753606599,3557.889769,5388.210472,2,0,1,0,0,0
Savannah,District_5,Middle_Zone,7.429,-2.556,234.274,Erect,"4,522.70",14.488,11.744,2.082,Woodlot,Plateau,Sandy,1,0,0,0,0,0,0,1,"(7.429, -2.556)",,,,,,,,,,,,,,,,,6.639780018,5.382218148,1998.207214,6.639780018,0.552005252,3394.161712,2751.313856,1,0,1,2,5,8
Savannah,District_13,Southern_Zone,9.921,-0.022,319.724,Spreading,"4,546.80",15.148,12.44,4.011,Fallow land,Hilly,Clay loam,1,1,0,0,0,0,0,0,"(9.921, -0.022)",,,,,,,,,,,,,,,,,3.684748236,3.02602773,2344.207533,3.684748236,0.795918134,4843.179152,3977.36656,2,2,2,1,1,2
Savannah,District_5,Northern_Zone,9.501,-2.072,384.421,Drooping,"4,010.20",10.484,9.823,5.346,Cropland,Flat land,Sandy loam,0,1,0,0,0,0,0,1,"(9.501, -2.072)",,,,,,,,,,,,,,,,,1.925082629,1.803709144,1011.615093,1.925082629,0.980592584,4030.269764,3776.167483,1,1,0,0,8,1
Savannah,District_13,Middle_Zone,10.468,-0.905,303.005,Erect,"2,612.25",17.874,8.415,2.493,Woodlot,Valley,Loamy sand,1,1,1,0,0,0,1,0,"(10.468, -0.905)",,,,,,,,,,,,,,,,,6.89317393,3.245275742,1265.69771,6.89317393,0.748194559,5415.91137,2549.787075,3,0,1,5,3,8
Savannah,District_5,Southern_Zone,8.186,-1.449,249.212,Spreading,"4,248.21",12.477,18.673,5.073,Fallow land,Undulating,Silty loam,1,1,0,0,0,0,0,0,"(8.186, -1.449)",,,,,,,,,,,,,,,,,2.411946646,3.609704234,4350.491951,2.411946646,0.594645049,3109.418124,4653.535676,2,2,2,4,12,2
Savannah,District_13,Northern_Zone,8.911,-0.133,195.016,Drooping,"3,473.41",24.549,17.213,3.711,Cropland,Plateau,Sandy,1,1,1,0,0,0,0,0,"(8.911, -0.133)",,,,,,,,,,,,,,,,,6.441616374,4.516662293,7273.558622,6.441616374,0.439945195,4787.447784,3356.810408,3,1,0,2,5,1
Savannah,District_5,Middle_Zone,6.192,0.365,361.571,Erect,"3,851.83",23.618,17.753,5.502,Woodlot,Hilly,Clay loam,1,1,1,0,0,0,1,0,"(6.192, 0.365)",,,,,,,,,,,,,,,,,4.215994288,3.169046769,7443.661655,4.215994288,0.915368367,8539.583878,6418.969963,3,0,1,1,1,8
Upper East,District_3,Northern_Zone,6.67,-0.327,360.069,Drooping,"2,317.97",11.755,18.263,4.249,Cropland,Hilly,Clay loam,1,0,1,0,1,0,1,1,"(6.67, -0.327)",,,,,,,,,,,,,,,,,2.702920212,4.199356174,3920.729422,2.702920212,0.911080981,4232.611095,6575.940147,3,1,0,1,1,1
Upper East,District_11,Middle_Zone,7.878,-1.649,147.416,Erect,"2,316.09",15.705,19.394,2.663,Woodlot,Flat land,Sandy loam,0,1,1,0,0,0,1,0,"(7.878, -1.649)",,,,,,,,,,,,,,,,,5.684039088,7.019182048,5907.078241,5.684039088,0.304073302,2315.16828,2858.985904,2,0,1,0,8,8
Upper East,District_3,Southern_Zone,9.635,-0.827,355.928,Spreading,"4,833.75",14.087,18.844,4.637,Fallow land,Valley,Loamy sand,1,1,0,1,0,0,0,0,"(9.635, -0.827)",,,,,,,,,,,,,,,,,2.973823095,3.978045176,5002.242085,2.973823095,0.899260697,5013.957736,6707.107232,3,2,2,5,3,2
Upper East,District_11,Northern_Zone,6.041,0.866,298.262,Drooping,"3,416.35",11.506,9.315,4.727,Cropland,Undulating,Silty loam,1,1,0,0,0,0,0,0,"(6.041, 0.866)",,,,,,,,,,,,,,,,,2.383675161,1.929770044,998.3667028,2.383675161,0.734655896,3431.802572,2778.31053,2,1,0,4,12,1
Upper East,District_3,Middle_Zone,8.163,-0.94,51.49,Erect,"2,496.24",22.229,18.186,4.087,Woodlot,Plateau,Sandy,0,1,1,0,0,0,0,0,"(8.163, -0.94)",,,,,,,,,,,,,,,,,5.309051827,4.343443993,7351.810418,5.309051827,0.030257186,1144.57121,936.39714,2,0,1,2,5,8
Upper East,District_11,Southern_Zone,8.848,-2.402,346.265,Spreading,"3,427.77",21.368,10.992,2.027,Fallow land,Hilly,Clay loam,1,1,0,0,0,0,0,0,"(8.848, -2.402)",,,,,,,,,,,,,,,,,10.04607428,5.167842031,2581.7686,10.04607428,0.871678132,7398.99052,3806.14488,2,2,2,1,1,2
Upper East,District_3,Northern_Zone,7.26,-2.307,291.183,Drooping,"2,248.27",10.872,8.819,2.153,Cropland,Flat land,Sandy loam,1,1,1,0,0,0,1,0,"(7.26, -2.307)",,,,,,,,,,,,,,,,,4.825565912,3.91433644,845.5672016,4.825565912,0.714449234,3165.741576,2567.942877,3,1,0,0,8,1
Upper East,District_11,Middle_Zone,7.675,0.779,109.183,Erect,"3,006.45",13.03,17.09,5.142,Woodlot,Valley,Loamy sand,0,0,1,1,0,0,1,0,"(7.675, 0.779)",,,,,,,,,,,,,,,,,2.485692484,3.260206028,3805.647343,2.485692484,0.194939057,1422.65449,1865.93747,2,0,1,5,3,8
Upper West,District_4,Southern_Zone,7.979,-0.692,289.903,Spreading,"4,957.66",21.984,17.682,4.556,Parkland,Valley,Loam,0,1,0,0,0,0,0,1,"(7.979, -0.692)",,,,,,,,,,,,,,,,,4.721649485,3.797680412,6873.366278,4.721649485,0.710795536,6373.227552,5126.064846,1,2,2,5,2,6
Upper West,District_12,Northern_Zone,10.946,-2.278,219.903,Drooping,"2,660.70",24.626,14.319,3.676,Unknown,Undulating,Sandy clay loam,0,1,0,0,0,0,1,1,"(10.946, -2.278)",,,,,,,,,,,,,,,,,6.521716102,3.792108051,5049.161398,6.521716102,0.510983929,5415.331278,3148.791057,1,1,0,4,7,7
Upper West,District_4,Middle_Zone,10.68,-0.688,237.08,Erect,"3,081.03",15.575,11.08,4.602,"Backyard, kitchen or home garden (urban, peri-urban or rural)",Plateau,Sandy clay,1,1,0,0,0,0,1,0,"(10.68, -0.688)",,,,,,,,,,,,,,,,,3.312420247,2.356444066,1912.08668,3.312420247,0.560014843,3692.521,2626.8464,2,0,1,2,6,0
Upper West,District_12,Southern_Zone,8.144,-0.524,86.094,Spreading,"2,677.09",14.875,14.049,4.941,Parkland,Hilly,Silty clay,1,1,1,0,1,0,1,0,"(8.144, -0.524)",,,,,,,,,,,,,,,,,2.950803412,2.786947034,2935.944215,2.950803412,0.129032626,1280.64825,1209.534606,4,2,2,1,11,6
Upper West,District_4,Northern_Zone,8.208,-0.047,219.672,Drooping,"2,451.83",23.9,19.717,4.401,Unknown,Flat land,Clay,0,1,0,0,0,0,0,1,"(8.208, -0.047)",,,,,,,,,,,,,,,,,5.309931126,4.380582093,9291.366127,5.309931126,0.510324551,5250.1608,4331.272824,1,1,0,0,0,7
Upper West,District_12,Middle_Zone,7.826,-0.872,345.832,Erect,"3,913.47",12.573,16.038,2.343,"Backyard, kitchen or home garden (urban, peri-urban or rural)",Valley,Loam,1,1,0,0,0,0,0,0,"(7.826, -0.872)",,,,,,,,,,,,,,,,,5.146541138,6.564879247,3233.994923,5.146541138,0.870442155,4348.145736,5546.453616,2,0,1,5,2,0
Upper West,District_4,Southern_Zone,10.223,0.473,148.238,Spreading,"2,723.10",21.528,11.551,3.489,Parkland,Undulating,Sandy clay loam,0,0,0,0,0,0,1,1,"(10.223, 0.473)",,,,,,,,,,,,,,,,,5.998328225,3.218445249,2872.386338,5.998328225,0.306419661,3191.267664,1712.297138,0,2,2,4,7,6
Upper West,District_12,Northern_Zone,7.85,-1.261,52.071,Drooping,"2,937.03",18.407,17.373,4.661,Unknown,Plateau,Sandy clay,1,1,0,0,0,0,1,0,"(7.85, -1.261)",,,,,,,,,,,,,,,,,3.866204579,3.649023314,5555.621522,3.866204579,0.031915622,958.470897,904.629483,2,1,0,2,6,7
Volta,District_9,Northern_Zone,6.976,-2.185,116.814,Drooping,"3,405.80",18.093,11.913,5.07,Cropland,Valley,Loamy sand,1,1,0,0,0,0,0,0,"(6.976, -2.185)",,,,,,,,,,,,,,,,,3.499613153,2.304255319,2567.750762,3.499613153,0.216721377,2113.515702,1391.605182,2,1,0,5,3,1
Volta,District_1,Middle_Zone,6.425,0.38,366.113,Erect,"2,463.98",20.052,10.444,4.545,Woodlot,Undulating,Silty loam,1,1,0,0,0,0,1,1,"(6.425, 0.38)",,,,,,,,,,,,,,,,,4.316899892,2.248439182,2187.214731,4.316899892,0.928333286,7341.297876,3823.684172,2,0,1,4,12,8
Volta,District_9,Southern_Zone,9.282,-1.493,115.673,Spreading,"4,387.74",10.262,13.31,2.589,Fallow land,Plateau,Sandy,1,0,1,0,0,0,1,0,"(9.282, -1.493)",,,,,,,,,,,,,,,,,3.816288583,4.949795463,1817.975898,3.816288583,0.213464448,1187.036326,1539.60763,2,2,2,2,5,2
Volta,District_1,Northern_Zone,9.407,-2.309,317.837,Drooping,"4,013.09",11.281,15.354,3.045,Cropland,Hilly,Clay loam,0,1,0,0,0,0,0,0,"(9.407, -2.309)",,,,,,,,,,,,,,,,,3.586963434,4.882034976,2659.44291,3.586963434,0.790531784,3585.519197,4880.069298,1,1,0,1,1,1
Volta,District_9,Middle_Zone,6.625,0.53,317.1,Erect,"2,571.64",11.318,9.796,2.775,Woodlot,Flat land,Sandy loam,1,1,0,0,0,0,0,1,"(6.625, 0.53)",,,,,,,,,,,,,,,,,3.936695652,3.407304348,1086.09357,3.936695652,0.788428054,3588.9378,3106.3116,2,0,1,0,8,8
Volta,District_1,Southern_Zone,7.899,-1.831,274.498,Spreading,"3,311.30",10.71,18.061,3.647,Fallow land,Valley,Loamy sand,0,1,0,0,0,0,1,1,"(7.899, -1.831)",,,,,,,,,,,,,,,,,2.858286629,4.820122765,3493.599012,2.858286629,0.66682271,2939.87358,4957.708378,1,2,2,5,3,2
Volta,District_9,Northern_Zone,10.732,-0.576,223.904,Drooping,"3,164.83",17.458,14.448,2.739,Cropland,Undulating,Silty loam,1,1,0,0,0,0,0,0,"(10.732, -0.576)",,,,,,,,,,,,,,,,,6.149348362,5.089115886,3644.265042,6.149348362,0.52240459,3908.916032,3234.964992,2,1,0,4,12,1
Volta,District_8,Middle_Zone,9.475,-2.149,230.734,Erect,"3,692.79",26.037,17.978,6.284,Cropland,Hilly,Silty clay,1,1,1,1,1,1,0,1,"(9.475, -2.149)",,,,,,,,,,,,,,,,,4.078477444,2.816102757,8415.379298,4.078477444,0.541900494,6007.621158,4148.135852,5,0,1,1,11,1
Volta,District_16,Southern_Zone,8.21,-0.985,107.315,Spreading,"4,911.93",16.241,17.861,3.518,Fallow land,Flat land,Clay,1,1,0,0,1,1,0,1,"(8.21, -0.985)",,,,,,,,,,,,,,,,,4.488944168,4.936705362,5181.127828,4.488944168,0.189606942,1742.902915,1916.753215,3,2,2,0,0,2
Volta,District_8,Northern_Zone,7.002,-2.632,112.817,Drooping,"2,951.30",22.82,20.629,5.218,Unknown,Valley,Loam,1,1,1,0,1,1,1,1,"(7.002, -2.632)",,,,,,,,,,,,,,,,,4.291086875,3.879089883,9711.179728,4.291086875,0.205312134,2574.48394,2327.301893,4,1,0,5,2,7
Western,District_4,Southern_Zone,8.529,-1.378,171.632,Spreading,"3,375.43",29.693,20.4,7.689,Fallow land,Valley,Loam,1,1,0,1,1,1,1,1,"(8.529, -1.378)",,,,,,,,,,,,,,,,,3.81217101,2.619078187,12357.03888,3.81217101,0.3731967,5096.268976,3501.2928,4,2,2,5,2,2
Western,District_12,Northern_Zone,7.002,-0.144,125.057,Drooping,"4,389.60",20.541,19.824,5.116,Unknown,Undulating,Sandy clay loam,1,1,0,1,0,1,0,1,"(7.002, -0.144)",,,,,,,,,,,,,,,,,3.938075153,3.800613497,8072.427638,3.938075153,0.240250621,2568.795837,2479.129968,3,1,0,4,7,7
Western,District_4,Middle_Zone,8.901,-0.933,262.035,Erect,"3,085.20",24.886,21.422,3.326,Cropland,Plateau,Sandy clay,1,1,1,1,0,1,1,1,"(8.901, -0.933)",,,,,,,,,,,,,,,,,7.263864565,6.252772913,11420.23726,7.263864565,0.631247681,6521.00301,5613.31377,4,0,1,2,6,1
Western,District_12,Southern_Zone,9.946,0.782,151.276,Spreading,"2,942.59",21.634,15.389,5.366,Fallow land,Hilly,Silty clay,0,1,0,1,0,1,1,1,"(9.946, 0.782)",,,,,,,,,,,,,,,,,3.957921698,2.815404318,5123.392459,3.957921698,0.315091485,3272.704984,2327.986364,2,2,2,1,11,2
